t_sec,ask_band,N,U,L,n,loss_rate,wilson_95_low,wilson_95_high,resolved_mean_ask,gross_payout_sum,gross_ask_sum,gross_pnl_sum,gross_pnl_mean,fixed_mean_ask_wilson_screen_lower
120,ask=0,0,0,0,0,,,,,0,0,0,,
120,"(0,0.90)",3114,11,1030,3103,0.331936835320657428295198195294875926522719948436996455043506,0.315584679372621518407697114420311375757708511006944273281061,0.348704595177002384573065301610266129660534089181990096494695,0.673844666451820818562681276184337737673219465033838221076378,2073,2090.94000000,-17.94000000,-0.00578150177247824685787947147921366419593941347083467611988398,-0.022549261628823203135746577794603867333753554215828317571073
120,"[0.90,0.95)",931,6,71,925,0.0767567567567567567567567567567567567567567567567567567567568,0.0612983284480342651036356692085741705664994178484073212134616,0.0957160440648616353372252836661436577659134072706347419964418,0.922054054054054054054054054054054054054054054054054054054054,854,852.90000000,1.10000000,0.00118918918918918918918918918918918918918918918918918918918919,-0.0177700981189156893912793377201977118199674613246887960504958
120,"[0.95,0.98)",776,3,26,773,0.0336351875808538163001293661060802069857697283311772315653299,0.0230553463629714898727561073296067084368468088448488034830356,0.0488273501469004360380098152162933768793900691031896158715096,0.961199223803363518758085381630012936610608020698576972833118,747,743.00700000,3.99300000,0.00516558861578266494178525226390685640362225097024579560155239,-0.0100265739502639547960951968463063134899980898017665887046276
120,"[0.98,1)",731,3,14,728,0.0192307692307692307692307692307692307692307692307692307692308,0.0114893470515351978902529996921309788474704784203279991392169,0.0320193370178316452647071565901299087224073878977536517969961,0.986149725274725274725274725274725274725274725274725274725275,714,717.91700000,-3.91700000,-0.00538049450549450549450549450549450549450549450549450549450549,-0.0181690622925569199899818818648551834476821131724789265222711
120,ask=1,516,2,1,514,0.00194552529182879377431906614785992217898832684824902723735409,0.00034351557975983152547676098767554902073106526896243604869654,0.0109368844754948541310906299551602826375982995075191204323746,1.00000000,513,514.00000000,-1.00000000,-0.00194552529182879377431906614785992217898832684824902723735409,-0.0109368844754948541310906299551602826375982995075191204323746
90,ask=0,0,0,0,0,,,,,0,0,0,,
90,"(0,0.90)",2234,9,803,2225,0.360898876404494382022471910112359550561797752808988764044944,0.341198973980126844242138822124975306461233007351104541995782,0.381078266713556195169109227418658811553095538323701042197526,0.645622471910112359550561797752808988764044943820224719101124,1422,1436.51000000,-14.51000000,-0.00652134831460674157303370786516853932584269662921348314606742,-0.026700738623668554719671025171467800317140482143925761298650
90,"[0.90,0.95)",711,6,65,705,0.0921985815602836879432624113475177304964539007092198581560284,0.0729966211434227426713232312055937210858148307838932715070175,0.115820577900447175944851510568336633021026921461829087174131,0.923702127659574468085106382978723404255319148936170212765957,640,651.21000000,-11.21000000,-0.0159007092198581560283687943262411347517730496453900709219858,-0.039522705560021644029957893547060037276346070397999299940088
90,"[0.95,0.98)",737,3,30,734,0.0408719346049046321525885558583106267029972752043596730245232,0.0287774909960449095614650634959881481406934056341416038231751,0.0577471384585443308968823913899336020563958015780425441461991,0.961846049046321525885558583106267029972752043596730245231608,704,705.99500000,-1.99500000,-0.00271798365122615803814713896457765667574931880108991825613079,-0.0195931875048658567824409744962006320291478451747727893778071
90,"[0.98,1)",1071,3,17,1068,0.0159176029962546816479400749063670411985018726591760299625468,0.00996161982688241929322389160254843205539269306943937270497771,0.0253434698477879603211479622264934931113713658826810886991283,0.986500936329588014981273408239700374531835205992509363295880,1051,1053.58300000,-2.58300000,-0.00241853932584269662921348314606741573033707865168539325842697,-0.0118444061773759753024213704661938676432065718751904519950083
90,ask=1,1345,4,6,1341,0.00447427293064876957494407158836689038031319910514541387024609,0.00205216405661689220704844673896433570740248375467099904865747,0.00972726073490141054922320984473745063255720297475818904693097,1.00000000,1335,1341.00000000,-6.00000000,-0.00447427293064876957494407158836689038031319910514541387024609,-0.00972726073490141054922320984473745063255720297475818904693097
60,ask=0,0,0,0,0,,,,,0,0,0,,
60,"(0,0.90)",1350,5,558,1345,0.414869888475836431226765799256505576208178438661710037174721,0.388817632727628165239676104553248561930827017827202848045294,0.441407040081423062485507923556640037411879434772404961041538,0.580135315985130111524163568773234200743494423791821561338290,787,780.28200000,6.71800000,0.00499479553903345724907063197026022304832713754646840148698885,-0.021542356066553174009671492329874238155373858564226522379828
60,"[0.90,0.95)",415,0,33,415,0.0795180722891566265060240963855421686746987951807228915662651,0.0571793559264478913389662923925782568565235821512112959347067,0.109569797840092750834865151860324851047175891944637295870646,0.920759036144578313253012048192771084337349397590361445783133,382,382.11500000,-0.11500000,-0.000277108433734939759036144578313253012048192771084337349397590,-0.030328833984671064087877200053095935384525289534998741653779
60,"[0.95,0.98)",517,1,19,516,0.0368217054263565891472868217054263565891472868217054263565891,0.0236976501868393468385922998686829674699802781375700561619161,0.0567912337040591180068712073549745476828916144109424432355381,0.962720930232558139534883720930232558139534883720930232558140,497,496.76400000,0.23600000,0.000457364341085271317829457364341085271317829457364341085271318,-0.0195121639366172575417549282852071058224264981318726757936781
60,"[0.98,1)",1109,8,21,1101,0.0190735694822888283378746594005449591280653950953678474114441,0.0125086872404721399047223878069475689934290110435677857586883,0.0289827488879523124344420766868540144071236142684672752849051,0.987483197093551316984559491371480472297910990009082652134423,1080,1087.21900000,-7.21900000,-0.00655676657584014532243415077202543142597638510445049954586739,-0.0164659459815036294190015680583344867050346042775499274193281
60,ask=1,2884,11,2,2873,0.000696136442742777584406543682561782109293421510616080751827358,0.00019092648423226803345287522117055087667974179673708971740840,0.00253479161074700148737398966662336439179898750316436683602854,1.00000000,2871,2873.00000000,-2.00000000,-0.000696136442742777584406543682561782109293421510616080751827358,-0.00253479161074700148737398966662336439179898750316436683602854
30,ask=0,0,0,0,0,,,,,0,0,0,,
30,"(0,0.90)",533,1,340,532,0.639097744360902255639097744360902255639097744360902255639098,0.597424485639518300926567323289600969774912184839872014428788,0.678776613703794139151000184789770488908098508366040728737330,0.384565789473684210526315789473684210526315789473684210526316,192,204.58900000,-12.58900000,-0.0236635338345864661654135338345864661654135338345864661654135,-0.063342403177478349677315974263454699434414297839724939263646
30,"[0.90,0.95)",88,1,6,87,0.0689655172413793103448275862068965517241379310344827586206897,0.0319888394425767664370104588799469000517347625847884249415125,0.142396942405802839959227493447118041403962188578396096018675,0.922310344827586206896551724137931034482758620689655172413793,81,80.24100000,0.75900000,0.00872413793103448275862068965517241379310344827586206896551724,-0.064707287233389046855779217585049075886720809268051268432468
30,"[0.95,0.98)",155,2,6,153,0.0392156862745098039215686274509803921568627450980392156862745,0.0180947409083426070566058308718181748853955280588713279712940,0.0829082651833347052315503286423262418561651844173072046181490,0.963790849673202614379084967320261437908496732026143790849673,147,147.46000000,-0.46000000,-0.00300653594771241830065359477124183006535947712418300653594771,-0.0466991148565373196106352959625876797646619164434509954678220
30,"[0.98,1)",456,1,4,455,0.00879120879120879120879120879120879120879120879120879120879121,0.00342388903159380432574754345730954904841969897433626817935710,0.0223834101848475883462393322039909165066365603387405622408895,0.987263736263736263736263736263736263736263736263736263736264,451,449.20500000,1.79500000,0.00394505494505494505494505494505494505494505494505494505494505,-0.0096471464485838520825030684677271802429002966024768259771535
30,ask=1,5553,22,3,5531,0.000542397396492496836015187127101789911408425239558850117519436,0.000184480821647158118332861520177980520867380771882377836540429,0.00159361144963373231874808210593578928179612782731929150127220,1.00000000,5528,5531.00000000,-3.00000000,-0.000542397396492496836015187127101789911408425239558850117519436,-0.00159361144963373231874808210593578928179612782731929150127220
15,ask=0,0,0,0,0,,,,,0,0,0,,
15,"(0,0.90)",263,1,205,262,0.782442748091603053435114503816793893129770992366412213740458,0.728597391146067894719318344806682873062120834769796854910190,0.828125403923393666890687383704383618295352742332450564552756,0.222793893129770992366412213740458015267175572519083969465649,57,58.37200000,-1.37200000,-0.00523664122137404580152671755725190839694656488549618320610687,-0.050919297053164659257099597444841633562528314851534534018405
15,"[0.90,0.95)",36,0,4,36,0.111111111111111111111111111111111111111111111111111111111111,0.044066403003156485830822589017943874728866937598732008878799,0.253148085903648584254478762487566638211113893330551461902397,0.925555555555555555555555555555555555555555555555555555555556,32,33.32000000,-1.32000000,-0.0366666666666666666666666666666666666666666666666666666666667,-0.178703641459204139810034318043122193766669448886107017457953
15,"[0.95,0.98)",44,0,3,44,0.0681818181818181818181818181818181818181818181818181818181818,0.0234593959073816342714641858084334730774010185269923379710806,0.182250443702215301624772604495205833040977217045011544221685,0.963181818181818181818181818181818181818181818181818181818182,41,42.38000000,-1.38000000,-0.0313636363636363636363636363636363636363636363636363636363636,-0.145432261884033483442954422677024014859159035226829726039867
15,"[0.98,1)",199,0,1,199,0.00502512562814070351758793969849246231155778894472361809045226,0.0008876095100409552055732814196554262671717678256829044150348,0.0279105408023061994964021839205685199230258702441873331522848,0.988281407035175879396984924623115577889447236180904522613065,198,196.66800000,1.33200000,0.00669346733668341708542713567839195979899497487437185929648241,-0.0161919478374820788933871085436840978124731064250918557653498
15,ask=1,6418,26,1,6392,0.000156445556946182728410513141426783479349186483103879849812265,0.000027617016142071318237942404227273479791329174148447890135001,0.000885704375312683458906833760692556736099744000710454206953615,1.00000000,6391,6392.00000000,-1.00000000,-0.000156445556946182728410513141426783479349186483103879849812265,-0.000885704375312683458906833760692556736099744000710454206953615
10,ask=0,0,0,0,0,,,,,0,0,0,,
10,"(0,0.90)",166,0,139,166,0.837349397590361445783132530120481927710843373493975903614458,0.773695389922265587059653619314960498980602317311968073735850,0.885743128668423159681779277142534645176304539567254705699534,0.183891566265060240963855421686746987951807228915662650602410,27,30.52600000,-3.52600000,-0.0212409638554216867469879518072289156626506024096385542168675,-0.069634694933483400645634698829281633128111768482917356301944
10,"[0.90,0.95)",13,0,1,13,0.0769230769230769230769230769230769230769230769230769230769231,0.013710421242556579808253714622779269798387965952631085614768,0.333139509210995888336178628920920688594076149776242235244574,0.923076923076923076923076923076923076923076923076923076923077,12,12.00000000,0E-8,0E-8,-0.256216432287918965259255551997843765517153072853165312167651
10,"[0.95,0.98)",25,0,1,25,0.04,0.0070962335019872584745440387132685775454577814223994890371650,0.195440637361937339723711135221356989785685565203184224284701,0.96280000,24,24.07000000,-0.07000000,-0.00280000,-0.158240637361937339723711135221356989785685565203184224284701
10,"[0.98,1)",94,0,0,94,0,0,0.0392620762915447323564048012803787854219201205460401455101432,0.988446808510638297872340425531914893617021276595744680851064,94,92.91400000,1.08600000,0.0115531914893617021276595744680851063829787234042553191489362,-0.0277088848021830302287452268122936790389413971417848263612072
10,ask=1,6707,25,1,6682,0.000149655791679137982639928165219994013768332834480694402873391,0.000026418410518184754281132976598938147152769418622014574691579,0.000847287443363144265685695096055977721214034832745063128257429,1.00000000,6681,6682.00000000,-1.00000000,-0.000149655791679137982639928165219994013768332834480694402873391,-0.000847287443363144265685695096055977721214034832745063128257429
5,ask=0,0,0,0,0,,,,,0,0,0,,
5,"(0,0.90)",97,0,81,97,0.835051546391752577319587628865979381443298969072164948453608,0.748735396051554903662950555350955814100877581480260033258614,0.895840761018686333376056214592025136508518868388620013430210,0.160309278350515463917525773195876288659793814432989690721649,16,15.55000000,0.45000000,0.00463917525773195876288659793814432989690721649484536082474227,-0.056150039369201797293581987787901425168312682821609704151859
5,"[0.90,0.95)",2,0,0,2,0,0,0.657619772493346908066213171022805867761678469589830388837810,0.92500000,2,1.85000000,0.15000000,0.07500000,-0.582619772493346908066213171022805867761678469589830388837810
5,"[0.95,0.98)",5,0,0,5,0,0,0.434482464783174761084782871525556271809021898883564142795326,0.95800000,5,4.79000000,0.21000000,0.04200000,-0.392482464783174761084782871525556271809021898883564142795326
5,"[0.98,1)",27,0,0,27,0,1E-61,0.124555029741867063560897531223174706536906133650947916372170,0.988259259259259259259259259259259259259259259259259259259259,27,26.68300000,0.31700000,0.0117407407407407407407407407407407407407407407407407407407407,-0.112814289001126322820156790482433965796165392910207175631429
5,ask=1,6940,26,0,6914,0,0,0.000555297319772487302228790185085242117581998255639430107440128,1.00000000,6914,6914.00000000,0E-8,0E-8,-0.000555297319772487302228790185085242117581998255639430107440128
3,ask=0,0,0,0,0,,,,,0,0,0,,
3,"(0,0.90)",74,0,60,74,0.810810810810810810810810810810810810810810810810810810810811,0.707124427393916306894925079138003430257959594167575589046784,0.883820304332654519303462634131604271070670891836996244749794,0.15500000,14,11.47000000,2.53000000,0.0341891891891891891891891891891891891891891891891891891891892,-0.038820304332654519303462634131604271070670891836996244749794
3,"[0.90,0.95)",1,0,0,1,0,0,0.793450685622762572644686990659235135454905747938657255997644,0.91000000,1,0.91000000,0.09000000,0.09000000,-0.703450685622762572644686990659235135454905747938657255997644
3,"[0.95,0.98)",5,0,0,5,0,0,0.434482464783174761084782871525556271809021898883564142795326,0.96200000,5,4.81000000,0.19000000,0.03800000,-0.396482464783174761084782871525556271809021898883564142795326
3,"[0.98,1)",18,0,1,18,0.0555555555555555555555555555555555555555555555555555555555556,0.009875190978303082313508634846031297156082580064912900004554,0.257573007818725922397388490196938202575910671831530361102204,0.991888888888888888888888888888888888888888888888888888888889,17,17.85400000,-0.85400000,-0.0474444444444444444444444444444444444444444444444444444444444,-0.249461896707614811286277379085827091464799560720419249991093
3,ask=1,7001,25,0,6976,0,0,0.000550364767360084628432714644024662940634482512941294492243671,1.00000000,6976,6976.00000000,0E-8,0E-8,-0.000550364767360084628432714644024662940634482512941294492243671
