t_sec,period,x_bin,y_bin,N,U,L,resolved,loss_rate,wilson_95_low,wilson_95_high
120,pre,"[0,1)",<-2,127,0,98,127,0.771653543307086614173228346456692913385826771653543307086614,0.691311405566617721437373772326190464412802162440208408661470,0.836044377698975412434863017602241946754174804439045457957846
120,pre,"[0,1)","[-2,0)",424,1,217,423,0.513002364066193853427895981087470449172576832151300236406619,0.465467783756525764634920161732457441126864651206476668377147,0.560302908786770121191687247844785642074033880247556461371785
120,pre,"[0,1)","[0,2)",477,1,142,476,0.298319327731092436974789915966386554621848739495798319327731,0.258965689669404988244954455338723311450022547604090391263211,0.340902149029072195062048465410539045624960752917211637573921
120,pre,"[0,1)",>=2,108,0,17,108,0.157407407407407407407407407407407407407407407407407407407407,0.100662026709167900990035677836424107801685450534713951477788,0.237687090154213767501112687309504768378526097568410043570348
120,pre,"[1,2)",<-2,112,0,73,112,0.651785714285714285714285714285714285714285714285714285714286,0.559851944496029145562569495560968037375185204892726707009831,0.733652646572934320339817246647450028634095748168255177181961
120,pre,"[1,2)","[-2,0)",314,0,109,314,0.347133757961783439490445859872611464968152866242038216560510,0.296612371510765900939665123132623706746654945988602419049200,0.401350253138030857008004649025612955167004995495685510647458
120,pre,"[1,2)","[0,2)",406,2,83,404,0.205445544554455445544554455445544554455445544554455445544554,0.168910500879678439164386184591423959374055984329120678460324,0.247529405234339868060205367538203887128023393464583924671668
120,pre,"[1,2)",>=2,117,1,14,116,0.120689655172413793103448275862068965517241379310344827586207,0.0732699653657183038259876298988554782865183400479152022690928,0.192426556806421409679357523955373156122452205754235684099727
120,pre,"[2,4)",<-2,167,2,93,165,0.563636363636363636363636363636363636363636363636363636363636,0.487369215482444509236264397954160758194252787969888333484622,0.637007819320965552808760530482706265438644378306058040383578
120,pre,"[2,4)","[-2,0)",464,0,141,464,0.303879310344827586206896551724137931034482758620689655172414,0.263782030553869914805343200319866595344689039146243420914915,0.347197294667168923330913326519421680271772859292199266176673
120,pre,"[2,4)","[0,2)",578,0,79,578,0.136678200692041522491349480968858131487889273356401384083045,0.111062646368420920104420936868298129221272941418588591519083,0.167091232780587520888797875775767332938155353816800352801209
120,pre,"[2,4)",>=2,204,0,22,204,0.107843137254901960784313725490196078431372549019607843137255,0.0723033241415770565791182808680863801810716564320116396008593,0.157879138453468491538867604615163880562482523581721187545257
120,pre,"[4,8)",<-2,253,2,96,251,0.382470119521912350597609561752988047808764940239043824701195,0.324547553959870697689811732296245252464370238367732539860263,0.443935956246715167245118715178236937183781188572505991391745
120,pre,"[4,8)","[-2,0)",458,0,72,458,0.157205240174672489082969432314410480349344978165938864628821,0.126737494772058015344760828496344801521964759475388432071220,0.193375513701034193787181040018215870447425898139808086623322
120,pre,"[4,8)","[0,2)",608,1,44,607,0.0724876441515650741350906095551894563426688632619439868204283,0.0544386762146385803384521391706933662809636558357716775617783,0.0959136901718957489286439750660080771833079612238968495894527
120,pre,"[4,8)",>=2,312,3,19,309,0.0614886731391585760517799352750809061488673139158576051779935,0.0397144239847816075743215067448189083994248477950462422938525,0.0940321036603143807999051962206071880041742695327738376171297
120,pre,"[8,infinity)",<-2,314,4,45,310,0.145161290322580645161290322580645161290322580645161290322581,0.110290597301475769888299319706455630827735946152451210383698,0.188718523970510851698477164695485004670462310818224971976076
120,pre,"[8,infinity)","[-2,0)",305,3,14,302,0.0463576158940397350993377483443708609271523178807947019867550,0.0278121742696108012240533550375888148194140763916310646102765,0.0762988214844404447264402130505305415766430310976486125070229
120,pre,"[8,infinity)","[0,2)",430,3,11,427,0.0257611241217798594847775175644028103044496487119437939110070,0.0144443296293088282879892577832975296625438505479666140992712,0.0455347143824438104041152726735700627746878956981917034562046
120,pre,"[8,infinity)",>=2,555,4,12,551,0.0217785843920145190562613430127041742286751361161524500907441,0.0125013425783324162352499421804259233691467978368941184824517,0.0376777822474703666764436361549585544296337863780123831089889
120,post,"[0,1)",<-2,8,0,5,8,0.625,0.305742394602627319361520123108521776231413693739125031044205,0.863155714176402627415909807605347775208987413663323517951653
120,post,"[0,1)","[-2,0)",70,0,31,70,0.442857142857142857142857142857142857142857142857142857142857,0.332495289093053317737164365448628195875312370371336785125412,0.559164489468120044249393191685165712886986273516764003027722
120,post,"[0,1)","[0,2)",81,0,20,81,0.246913580246913580246913580246913580246913580246913580246914,0.165903118887220715081743742386438195825488183434050698181932,0.350842578677335128674678203274533633238447453177787918937488
120,post,"[0,1)",>=2,8,0,1,8,0.125,0.022417491450056672799680864765156704300662439077102905272333,0.470888182212853486868029343093234641378134238715551447740093
120,post,"[1,2)",<-2,6,0,4,6,0.666666666666666666666666666666666666666666666666666666666667,0.299993315138392039723859213822815746224455598651117838038035,0.903228588894219518643238434463105051047002510103282733548375
120,post,"[1,2)","[-2,0)",59,0,28,59,0.474576271186440677966101694915254237288135593220338983050847,0.352658767150685466230289479187468039705236831724549206385103,0.599602048299829197094837062213521330072620651870684935174497
120,post,"[1,2)","[0,2)",58,0,12,58,0.206896551724137931034482758620689655172413793103448275862069,0.122514839694905563370089881665427476623385914865100550901828,0.327692179214834073853899326747497490589516428900752467231448
120,post,"[1,2)",>=2,8,0,1,8,0.125,0.022417491450056672799680864765156704300662439077102905272333,0.470888182212853486868029343093234641378134238715551447740093
120,post,"[2,4)",<-2,15,0,12,15,0.8,0.548145512848306447949201866160340742095078742552084761948045,0.929524506530184398707130018819857549727472771575844567277801
120,post,"[2,4)","[-2,0)",60,0,16,60,0.266666666666666666666666666666666666666666666666666666666667,0.171326400032805507516734041819808049168858456710125648933081,0.390087130966836424666150825231039979967483362873440315794751
120,post,"[2,4)","[0,2)",85,0,14,85,0.164705882352941176470588235294117647058823529411764705882353,0.100724620653965191824219473701224168264978923316188481757035,0.257683033197810509012973261049847551037593482426534602938731
120,post,"[2,4)",>=2,30,0,1,30,0.0333333333333333333333333333333333333333333333333333333333333,0.0059085903816124476062287109931498005593420360746152862315344,0.166703909914091719005454326966873529349357310566895778175154
120,post,"[4,8)",<-2,19,0,8,19,0.421052631578947368421052631578947368421052631578947368421053,0.231418912824542392355482048196545144746068551444696318854947,0.637240964657449647378682834145249569220847972992221274785695
120,post,"[4,8)","[-2,0)",40,0,1,40,0.025,0.0044268315026814024331593102211685406100739576634491517407483,0.128813689634740900470668942621064723090364463171793286366078
120,post,"[4,8)","[0,2)",65,0,3,65,0.0461538461538461538461538461538461538461538461538461538461538,0.0158198404135125707915349998013353014346800819782045672626628,0.127138472633388286430265494801868002552863784114516234557225
120,post,"[4,8)",>=2,33,0,2,33,0.0606060606060606060606060606060606060606060606060606060606061,0.0167808830871918781743903978907815694008796926141472372517821,0.196062448086478110347403376044100241216504207905482256217840
120,post,"[8,infinity)",<-2,31,0,6,31,0.193548387096774193548387096774193548387096774193548387096774,0.091870083615860949923481259154961985589819962958122434239265,0.362802578117954630816514978401689880674076644381605766019157
120,post,"[8,infinity)","[-2,0)",17,0,0,17,0,0,0.184318135008851803742656742183482675848991885361038668946270
120,post,"[8,infinity)","[0,2)",37,0,0,37,0,0,0.0940578258372024807966737008331431353361241242445789105818134
120,post,"[8,infinity)",>=2,35,0,2,35,0.0571428571428571428571428571428571428571428571428571428571429,0.0158131618571086470376172640506620186944895581163312850540023,0.186070574201649211937659981029627881684417782103288143990610
90,pre,"[0,1)",<-2,99,0,84,99,0.848484848484848484848484848484848484848484848484848484848485,0.764958892515785201901392839652674147431906756007702733833489,0.905976747558153286160878335402754344480551765023809801763735
90,pre,"[0,1)","[-2,0)",405,1,212,404,0.524752475247524752475247524752475247524752475247524752475248,0.476052502307386827493550319691628836961846032565063816964980,0.572986161044376339966568037272267982659827969301011426469306
90,pre,"[0,1)","[0,2)",423,1,104,422,0.246445497630331753554502369668246445497630331753554502369668,0.207738904350955263853122496607958543486341999043457943257525,0.289726653388204703965870626512792085138358004187992360927735
90,pre,"[0,1)",>=2,112,2,14,110,0.127272727272727272727272727272727272727272727272727272727273,0.0773498138884699750960349361023769181889456784112400603194512,0.202350210606525144870715126874705744505769693984382921846151
90,pre,"[1,2)",<-2,106,1,80,105,0.761904761904761904761904761904761904761904761904761904761905,0.672112956652235958545507754669431685683383253379688240878614,0.833209193527754097239729698777633077437725218767917578473934
90,pre,"[1,2)","[-2,0)",300,1,104,299,0.347826086956521739130434782608695652173913043478260869565217,0.296079867169357677700074452959974931403359725000519575928591,0.403432873409932917494724815389119960487588359962989083100119
90,pre,"[1,2)","[0,2)",390,1,53,389,0.136246786632390745501285347043701799485861182519280205655527,0.105694580136072603019119969957533830069421171647383222828976,0.173913023273295172013176821449056949956603934043314562557438
90,pre,"[1,2)",>=2,103,0,6,103,0.0582524271844660194174757281553398058252427184466019417475728,0.0269684973283571595070480036397910172860481856395270481200387,0.121302211397924219661972844439513366975196840795138813595428
90,pre,"[2,4)",<-2,175,1,101,174,0.580459770114942528735632183908045977011494252873563218390805,0.506173189520040710990865373157256425728789512137351899691594,0.651270413257816408105904846873792871134417649123759615108028
90,pre,"[2,4)","[-2,0)",446,0,88,446,0.197309417040358744394618834080717488789237668161434977578475,0.163027384225499814403050827375412991477433716339087484869394,0.236761153034198515246464417521623371858926628456376504938460
90,pre,"[2,4)","[0,2)",561,0,52,561,0.0926916221033868092691622103386809269162210338680926916221034,0.0713861475513279782052103887231745820257008477762416128603373,0.119537264915333422722048674877602222910397822741661486977899
90,pre,"[2,4)",>=2,206,0,12,206,0.0582524271844660194174757281553398058252427184466019417475728,0.0336334027329041139438707842730337429652377403089671279204937,0.0990451393300547940419203167060699072829989627588633346010299
90,pre,"[4,8)",<-2,225,1,77,224,0.34375,0.284656213279823372503423457091308186825684067426481268377522,0.408112607801644705031673577140738379326775772114325296471596
90,pre,"[4,8)","[-2,0)",465,2,53,463,0.114470842332613390928725701943844492440604751619870410367171,0.0885885029191561648839987841953065909978976744458260782936348,0.146697924079355901062247961877209374267870000952650443204301
90,pre,"[4,8)","[0,2)",605,0,20,605,0.0330578512396694214876033057851239669421487603305785123966942,0.0215001486020467491153394552664846647045987695278216175604707,0.0505078564139283265553642871824662106469991447473019261420499
90,pre,"[4,8)",>=2,340,1,6,339,0.0176991150442477876106194690265486725663716814159292035398230,0.0081362727244040243705945588081865323802954496140308169410402,0.0380700958845313330871414979957110920881443878543139970083284
90,pre,"[8,infinity)",<-2,337,4,43,333,0.129129129129129129129129129129129129129129129129129129129129,0.0972981222366866843552068324803170577682348144631494624320850,0.169419220501453253291516695657426064962875807394114137198741
90,pre,"[8,infinity)","[-2,0)",348,3,3,345,0.00869565217391304347826086956521739130434782608695652173913043,0.0029616265618278636602147622886348683783829967469202290569153,0.0252502117155503804831078778013970854931053616607436605372667
90,pre,"[8,infinity)","[0,2)",469,4,9,465,0.0193548387096774193548387096774193548387096774193548387096774,0.0102153981854683148978191908096896686892692262900723541086800,0.0363706244662683622287341681224372226623645651664069453778766
90,pre,"[8,infinity)",>=2,593,3,4,590,0.00677966101694915254237288135593220338983050847457627118644068,0.00263954402998449277017232846922309709318283519152622346875883,0.0173008940192719548614619661803248673295308635325400118512218
90,post,"[0,1)",<-2,16,0,14,16,0.875,0.639771727342413101297977858259536665947706266129939153378935,0.965022512256759535404179869004088433216655002786901548864277
90,post,"[0,1)","[-2,0)",76,0,38,76,0.5,0.390325954454646246530998814388685113553749060264040021480018,0.609674045545353753469001185611314886446250939735959978519978
90,post,"[0,1)","[0,2)",69,0,20,69,0.289855072463768115942028985507246376811594202898550724637681,0.196160579792600387816330185703668484948431826828543678620648,0.405714499736131495348953113577270468101044935387401762936422
90,post,"[0,1)",>=2,16,0,1,16,0.0625,0.011119344764642533342375492137967463627461582798491024199936,0.283287375702989390505107159387803254014116936798528156516316
90,post,"[1,2)",<-2,13,0,10,13,0.769230769230769230769230769230769230769230769230769230769231,0.497436240532724970190122142392794214495397001686266213642814,0.918204712815014368263420911715760357436671288304450763992156
90,post,"[1,2)","[-2,0)",40,0,12,40,0.3,0.180748452297465282781279764787356588634385702343121799958002,0.454300188181449371072963710093583732923693632745401331876450
90,post,"[1,2)","[0,2)",58,0,7,58,0.120689655172413793103448275862068965517241379310344827586207,0.0597096604824071899231382058144125037866600804942309605221822,0.228793540459608811190259593308196277312390011438049415885586
90,post,"[1,2)",>=2,9,0,0,9,0,0,0.299145048419544047401396624497912492455149790579105641605840
90,post,"[2,4)",<-2,17,0,9,17,0.529411764705882352941176470588235294117647058823529411764706,0.309632350600044289182006692510685505232355820450985312305454,0.738348935575905604715484087360874337364762303939541824815352
90,post,"[2,4)","[-2,0)",47,0,8,47,0.170212765957446808510638297872340425531914893617021276595745,0.088863638764902597206840564486188439253199895692191519316620,0.301397759726243901098684052917971936421589215456729034637662
90,post,"[2,4)","[0,2)",83,0,5,83,0.0602409638554216867469879518072289156626506024096385542168675,0.0260034010418820116848633088524528830570468010362175828870383,0.133384280932384137046486846646887695429562085830572167679388
90,post,"[2,4)",>=2,20,0,1,20,0.05,0.008881448800795391602879473430907108230127032845046417582298,0.236131193446742027595051195081921842949898211188338729890754
90,post,"[4,8)",<-2,21,0,9,21,0.428571428571428571428571428571428571428571428571428571428571,0.244699689253759558397263184431028105312862102726361136021683,0.634534456306932863246684950569489999058553392996417371546601
90,post,"[4,8)","[-2,0)",50,0,2,50,0.04,0.0110388843276198101412242794220944253568727878686494104405147,0.134600906875070206606323656281780600019259693946664141743410
90,post,"[4,8)","[0,2)",70,0,0,70,0,0,0.0520230624102669173823786249206967016701131340208818963399166
90,post,"[4,8)",>=2,23,0,1,23,0.0434782608695652173913043478260869565217391304347826086956522,0.007716666143453142247303765539798097228280361609254735613374,0.209911550702588754124562226177180458038003630962651660225830
90,post,"[8,infinity)",<-2,31,0,4,31,0.129032258064516129032258064516129032258064516129032258064516,0.051342843746291461952235157829154655711202228149003709725199,0.288524062563064241048812919213108129766146296525404111640261
90,post,"[8,infinity)","[-2,0)",26,0,0,26,0,0,0.128728921859215295149407654933370962769244819176962274963284
90,post,"[8,infinity)","[0,2)",37,0,0,37,0,0,0.0940578258372024807966737008331431353361241242445789105818134
90,post,"[8,infinity)",>=2,43,0,0,43,0,0,0.0820098032257911641526771184451815481418608757099502151814816
60,pre,"[0,1)",<-2,109,0,97,109,0.889908256880733944954128440366972477064220183486238532110092,0.817377280073743878629500087408285553268255750582513935998564,0.935891960578892492186569082181253407477837789693717754627714
60,pre,"[0,1)","[-2,0)",383,0,190,383,0.496083550913838120104438642297650130548302872062663185378590,0.446298464612168955416252322647521968433847863024255942160700,0.545946420387630050924057520576037645456875682095922118166074
60,pre,"[0,1)","[0,2)",385,2,47,383,0.122715404699738903394255874673629242819843342036553524804178,0.0935515012594406780857376156694597496154291445772426308349185,0.159372420387863599364110614866783055190939035333243847311038
60,pre,"[0,1)",>=2,78,0,5,78,0.0641025641025641025641025641025641025641025641025641025641026,0.0276893153737909411528373740897976395167410393267127547137672,0.141435954631711765637004214997212232470713426283404249236593
60,pre,"[1,2)",<-2,90,1,72,89,0.808988764044943820224719101123595505617977528089887640449438,0.715227317828824006707446057645171866853306642134327520804278,0.877180435115064891867287898658535328809142513344487147175242
60,pre,"[1,2)","[-2,0)",299,1,85,298,0.285234899328859060402684563758389261744966442953020134228188,0.236956909437625894522557384074699536599979087461793117674505,0.338979409913265166139804735987741010160462403486696559637377
60,pre,"[1,2)","[0,2)",341,0,19,341,0.0557184750733137829912023460410557184750733137829912023460411,0.0359573069201972361637626627954231735488785788121330569253083,0.0853780422683417961616455469110844580043270046983355528852255
60,pre,"[1,2)",>=2,84,0,5,84,0.0595238095238095238095238095238095238095238095238095238095238,0.0256905610914954394921163105709032688414098828754959966622439,0.131882628226181121603417229020766217945991307105874378535922
60,pre,"[2,4)",<-2,152,1,100,151,0.662251655629139072847682119205298013245033112582781456953642,0.583625171142198724618025508685583374838077276722057583223486,0.732827543610003596748983925213630662952289064407469377120438
60,pre,"[2,4)","[-2,0)",421,1,48,420,0.114285714285714285714285714285714285714285714285714285714286,0.0872912393132908684750175316897403589430323000125633112817542,0.148271980713591858709031318620139919019556019637395009435444
60,pre,"[2,4)","[0,2)",599,0,28,599,0.0467445742904841402337228714524207011686143572621035058430718,0.0325364413272099121892991709787079481723587408837799895459557,0.0667292245375079988377299192481988179967886824676424073837671
60,pre,"[2,4)",>=2,197,3,2,194,0.0103092783505154639175257731958762886597938144329896907216495,0.0028317438060594000286919299119314940970285987817700687226829,0.0368033198829974260695068935507734798209622655858045618078769
60,pre,"[4,8)",<-2,236,0,78,236,0.330508474576271186440677966101694915254237288135593220338983,0.273629390693028267549705588418648439035694109644360684451784,0.392816934336173070245735338063787058067650142462491528181976
60,pre,"[4,8)","[-2,0)",466,2,9,464,0.0193965517241379310344827586206896551724137931034482758620690,0.0102374847366195978129168746768513715183161645785310002618176,0.0364481144314206319056018669183275896077388173090812988747084
60,pre,"[4,8)","[0,2)",640,1,7,639,0.0109546165884194053208137715179968701095461658841940532081377,0.00531633871512824367249052315250506927820362729960625245442986,0.0224377187991843025591477358451336661380308186043079327924217
60,pre,"[4,8)",>=2,319,2,2,317,0.00630914826498422712933753943217665615141955835962145110410095,0.0017319045720536982230133023936665531037878466147704109055716,0.0227083870583256939561747794055112261585161654127543135395210
60,pre,"[8,infinity)",<-2,415,1,19,414,0.0458937198067632850241545893719806763285024154589371980676329,0.0295748458536520123463612879214774942503474256658856657576384,0.0705623184640929793003794524919823138408523466658877009651796
60,pre,"[8,infinity)","[-2,0)",411,7,2,404,0.00495049504950495049504950495049504950495049504950495049504950,0.00135865576008384245578315567918125576343021060552419368646858,0.0178680772046528083418497050428823518030897520729709376278057
60,pre,"[8,infinity)","[0,2)",526,2,0,524,0,0,0.00727767543928195870925854138202928716428814810042855712215576
60,pre,"[8,infinity)",>=2,569,3,0,566,0,0,0.00674127647476572165629308277808169445149850277553963685219350
60,post,"[0,1)",<-2,10,0,9,10,0.9,0.595849973204761543396891586370485542440983176531886498348583,0.982123786904927092982283671994878986780083332344698958229089
60,post,"[0,1)","[-2,0)",68,0,29,68,0.426470588235294117647058823529411764705882352941176470588235,0.315972431477330750139174063516050870345336377507264905178683,0.544832176834444328123976383627742629305764688212688893132439
60,post,"[0,1)","[0,2)",74,0,10,74,0.135135135135135135135135135135135135135135135135135135135135,0.0750904859261837617593210186449900574129712553321338380877761,0.231191785525233094442571665777644380157766869792934009194498
60,post,"[0,1)",>=2,13,0,1,13,0.0769230769230769230769230769230769230769230769230769230769231,0.013710421242556579808253714622779269798387965952631085614768,0.333139509210995888336178628920920688594076149776242235244574
60,post,"[1,2)",<-2,10,0,8,10,0.8,0.490162471536641740045727009219013749283263054524274614051997,0.943317848545624737238654434555009647632536827133164478381257
60,post,"[1,2)","[-2,0)",48,0,12,48,0.25,0.149206336737979090878741711034925413705935869971987622925791,0.387843728095079654824345516711236897895793603913341667607963
60,post,"[1,2)","[0,2)",56,0,4,56,0.0714285714285714285714285714285714285714285714285714285714286,0.0281260365788769800775977785764906513689047618339788985836362,0.169754480608634512714235252660088221275633889285741880467721
60,post,"[1,2)",>=2,7,0,0,7,0,0,0.354330435066687400786206839933794738607089448605187126348296
60,post,"[2,4)",<-2,19,0,8,19,0.421052631578947368421052631578947368421052631578947368421053,0.231418912824542392355482048196545144746068551444696318854947,0.637240964657449647378682834145249569220847972992221274785695
60,post,"[2,4)","[-2,0)",46,0,2,46,0.0434782608695652173913043478260869565217391304347826086956522,0.0120054455985566152314698550372277025366231298461761494273962,0.145322590262190682748690365147979246263647562350492763265879
60,post,"[2,4)","[0,2)",78,0,1,78,0.0128205128205128205128205128205128205128205128205128205128205,0.0022667317538337336599805136595667370193440625317716912040854,0.0691085700170222327521953800259148846136932813854179014463170
60,post,"[2,4)",>=2,20,0,0,20,0,0,0.161125158052819354664367409458698834644472493370427941636724
60,post,"[4,8)",<-2,11,0,2,11,0.181818181818181818181818181818181818181818181818181818181818,0.051367689746085094133963649924377303658571388552538605220008,0.476980561960844163535145158696847971365613942692265986609726
60,post,"[4,8)","[-2,0)",45,0,1,45,0.0222222222222222222222222222222222222222222222222222222222222,0.0039335988828334241003541137294427786947992694953359655362102,0.115666817684148786112255917786296751531581779074925282833291
60,post,"[4,8)","[0,2)",75,0,0,75,0,0,0.0487238424828058578057558740910260828590172798392949508123418
60,post,"[4,8)",>=2,36,0,0,36,0,0,0.0964186285944636615382445947927992309228324969090787481472514
60,post,"[8,infinity)",<-2,23,0,2,23,0.0869565217391304347826086956521739130434782608695652173913043,0.024180004484220365222411755371310499199468506027457807187888,0.267959810757436588637847951420241526993836058680457503333296
60,post,"[8,infinity)","[-2,0)",34,0,0,34,0,0,0.101514554153323765588772493480518861287464008360250122371569
60,post,"[8,infinity)","[0,2)",55,0,0,55,0,0,0.0652849011170863617082752164831945160186431362702498605244216
60,post,"[8,infinity)",>=2,39,0,0,39,0,0,0.0896668537075714133476580181364055496168425388921970053236772
30,pre,"[0,1)",<-2,73,0,69,73,0.945205479452054794520547945205479452054794520547945205479452,0.867410024578402478523897698961669514059813817601450060228541,0.978487502584302699139836734278215774660320545546026480256945
30,pre,"[0,1)","[-2,0)",360,0,153,360,0.425,0.374990750092096012747987163139434464379101198409175426537494,0.476592958441208013496921094318232359386961128424484433551764
30,pre,"[0,1)","[0,2)",385,2,17,383,0.0443864229765013054830287206266318537859007832898172323759791,0.0278946948073720776296526182415546472965710847208587444965694,0.0699269268359123266263924767658804353242679975931889401848780
30,pre,"[0,1)",>=2,82,1,0,81,0,0,0.0452780854324152035187848194765541013214338186721689752847054
30,pre,"[1,2)",<-2,86,0,69,86,0.802325581395348837209302325581395348837209302325581395348837,0.706040887205376613173640419321456730658400576588109578929917,0.872756481877662974271214856441787248458288270140986649679645
30,pre,"[1,2)","[-2,0)",230,1,30,229,0.131004366812227074235807860262008733624454148471615720524017,0.0933285571434445473862025448844723506921587047091144940806080,0.180855684546335322928428616633878454729558350799930713302962
30,pre,"[1,2)","[0,2)",330,1,4,329,0.0121580547112462006079027355623100303951367781155015197568389,0.0047379109488932946310779025789854811020123680964990914442827,0.0308389635866592840284059676062376890542855881024265452674015
30,pre,"[1,2)",>=2,108,0,1,108,0.00925925925925925925925925925925925925925925925925925925925926,0.0016363608538834913209211064938619546210545915369697964810942,0.0505934551936632230042373624989550842316808692593970072365074
30,pre,"[2,4)",<-2,134,0,63,134,0.470149253731343283582089552238805970149253731343283582089552,0.387656320504840643071799608192846970308013398137973291288379,0.554305988451810062624307305439976476254081894488319262409625
30,pre,"[2,4)","[-2,0)",477,0,8,477,0.0167714884696016771488469601677148846960167714884696016771488,0.0085223313217668980508431527753510415874312930729285834188135,0.0327417037499114967778994329625591201288963803049893456579081
30,pre,"[2,4)","[0,2)",577,0,0,577,0,0,0.00661360989708550426390142351870700558836766589529171494163587
30,pre,"[2,4)",>=2,164,2,0,162,0,0,0.0231634408429044637303637564969273466890795996273615771637198
30,pre,"[4,8)",<-2,230,3,17,227,0.0748898678414096916299559471365638766519823788546255506607930,0.0472803876826710546177965610127797647955505525501393469462554,0.116647959564897852707007840278082239175213262465885037475200
30,pre,"[4,8)","[-2,0)",510,2,1,508,0.00196850393700787401574803149606299212598425196850393700787402,0.00034757383791077858657701307093136361748791108611913806722795,0.0110650593515794014475039583772063412816702241832955150546385
30,pre,"[4,8)","[0,2)",620,2,0,618,0,0,0.00617755340401289752758463765466475040892437725502115947260798
30,pre,"[4,8)",>=2,277,0,0,277,0,0,0.0136783893547096997757671775033450724802232840224746227545337
30,pre,"[8,infinity)",<-2,439,1,1,438,0.00228310502283105022831050228310502283105022831050228310502283,0.00040313785047359895589700153994479303940130827463089271617479,0.0128175744753579080108679639112335155327665607728139778920738
30,pre,"[8,infinity)","[-2,0)",426,3,0,423,0,0,0.00899973219871275412227870443874325509272010863127146510935650
30,pre,"[8,infinity)","[0,2)",592,1,0,591,0,0,0.00645795407117390272613254990935949658017641077455260212122449
30,pre,"[8,infinity)",>=2,604,8,0,596,0,1E-62,0.00640412356332712576645605507927208606331271892976362330214065
30,post,"[0,1)",<-2,9,0,9,9,1,0.700854951580455952598603375502087507544850209420894358394160,1
30,post,"[0,1)","[-2,0)",57,0,17,57,0.298245614035087719298245614035087719298245614035087719298246,0.195325500748180924647710827640811010450501006003511845687605,0.426642801034600050192205578566064656348210477156277475699425
30,post,"[0,1)","[0,2)",73,0,2,73,0.0273972602739726027397260273972602739726027397260273972602740,0.0075457586796076431117843710157989720962385653342654681185572,0.0945014817169053221374821536987843368008495722476440504430100
30,post,"[0,1)",>=2,9,0,0,9,0,0,0.299145048419544047401396624497912492455149790579105641605840
30,post,"[1,2)",<-2,9,0,8,9,0.888888888888888888888888888888888888888888888888888888888889,0.565000294423343983366694220495815206854206273521955333709475,0.980109112361455090876663960450252854569566111583184722819317
30,post,"[1,2)","[-2,0)",55,0,6,55,0.109090909090909090909090909090909090909090909090909090909091,0.0509672500078233445654073931337190777071192656785700883380400,0.218255490865535083679244139753142089362001731769079802617418
30,post,"[1,2)","[0,2)",49,0,1,49,0.0204081632653061224489795918367346938775510204081632653061224,0.0036116725898252489037101426424432754795125540215638691229312,0.106935215233916171275511467236521842651120275886513368927824
30,post,"[1,2)",>=2,8,0,0,8,0,0,0.324407564883880212890280277144521794238395570390205804016566
30,post,"[2,4)",<-2,7,0,2,7,0.285714285714285714285714285714285714285714285714285714285714,0.082218924004056765947248749487853093510976457849667296896903,0.641065548167380691532554181912344651606347591552555757252367
30,post,"[2,4)","[-2,0)",53,0,0,53,0,1E-61,0.0675819885765418623175236146915175279342690912177879901825493
30,post,"[2,4)","[0,2)",81,0,0,81,0,0,0.0452780854324152035187848194765541013214338186721689752847054
30,post,"[2,4)",>=2,16,0,0,16,0,0,0.193607680534436484397123030315166534447518308110879063675717
30,post,"[4,8)",<-2,20,0,0,20,0,0,0.161125158052819354664367409458698834644472493370427941636724
30,post,"[4,8)","[-2,0)",55,0,0,55,0,0,0.0652849011170863617082752164831945160186431362702498605244216
30,post,"[4,8)","[0,2)",76,0,0,76,0,0,0.0481135850651373179806680027772221016786979542922821152437366
30,post,"[4,8)",>=2,24,0,0,24,0,0,0.137976204674980184720288987191152453368712544577434277225593
30,post,"[8,infinity)",<-2,26,0,0,26,0,0,0.128728921859215295149407654933370962769244819176962274963284
30,post,"[8,infinity)","[-2,0)",39,0,0,39,0,0,0.0896668537075714133476580181364055496168425388921970053236772
30,post,"[8,infinity)","[0,2)",67,0,0,67,0,1E-61,0.0542261393913017856485245130017028349262980784039413836676687
30,post,"[8,infinity)",>=2,34,0,0,34,0,0,0.101514554153323765588772493480518861287464008360250122371569
15,pre,"[0,1)",<-2,88,0,81,88,0.920454545454545454545454545454545454545454545454545454545455,0.844801187426776528350457556991026983317937618880758699967875,0.960935142877745938961852912804485057070705640389260995658789
15,pre,"[0,1)","[-2,0)",353,0,112,353,0.317280453257790368271954674220963172804532577903682719546742,0.270917853268553494137939017176887487150190384659200555589654,0.367577067062943119840962595397568326338690787562221427108398
15,pre,"[0,1)","[0,2)",378,0,8,378,0.0211640211640211640211640211640211640211640211640211640211640,0.0107623022692036518661247082677032779954313031945601306642118,0.0412002553901292936997509729123780927004518518883069742932470
15,pre,"[0,1)",>=2,73,1,0,72,0,0,0.0506511725964578009440305106347497027080222716711094909621028
15,pre,"[1,2)",<-2,78,0,31,78,0.397435897435897435897435897435897435897435897435897435897436,0.296118646443823883220673103881130778696560879413197891908502,0.508381417086882636023995505315812720594604877200947285491586
15,pre,"[1,2)","[-2,0)",269,0,4,269,0.0148698884758364312267657992565055762081784386617100371747212,0.0057974046274929036055939417826206874381038724127360822038833,0.0376031066873072847717349919982987839773434628743935544199533
15,pre,"[1,2)","[0,2)",321,1,1,320,0.003125,0.00055185239181754792305420051494865353455265819478182635999583,0.0174861679467965022766498120209252920091569312315846431714459
15,pre,"[1,2)",>=2,84,1,0,83,0,1E-61,0.0442353096419738403383844233759625755395690083553910862604569
15,pre,"[2,4)",<-2,141,1,16,140,0.114285714285714285714285714285714285714285714285714285714286,0.0715826081443709577221278262878140281917234072480609695805814,0.177590746426319064230119646850468888003840043363390195491147
15,pre,"[2,4)","[-2,0)",456,0,2,456,0.00438596491228070175438596491228070175438596491228070175438596,0.00120361494960317181090585090662975576172194912923036927893985,0.0158489118947667771834360341981542079580507448908773924550840
15,pre,"[2,4)","[0,2)",531,0,0,531,0,1E-62,0.00718242529134596517200172377655766574245737474152530426036253
15,pre,"[2,4)",>=2,163,1,0,162,0,0,0.0231634408429044637303637564969273466890795996273615771637198
15,pre,"[4,8)",<-2,199,2,1,197,0.00507614213197969543147208121827411167512690355329949238578680,0.0008966264365875957392282075444145557992390656578251637818202,0.0281882988322993575702864233138565954333675902475404666037616
15,pre,"[4,8)","[-2,0)",555,2,0,553,0,0,0.00689865806477440279013028213642785260757247957486986506942444
15,pre,"[4,8)","[0,2)",644,1,0,643,0,0,0.00593879499885146642807883865354409437077237585272551164821106
15,pre,"[4,8)",>=2,279,4,0,275,0,0,0.0137764980750740228927902592920776978310577983656187901533563
15,pre,"[8,infinity)",<-2,409,0,0,409,0,0,0.00930492502295548945302403002365986899833395950213918851802341
15,pre,"[8,infinity)","[-2,0)",469,4,0,465,0,0,0.00819351349677305338668302439248099435908213205204222429809582
15,pre,"[8,infinity)","[0,2)",636,5,0,631,0,0,0.00605105222307025516497925031891604037257083972603505401296702
15,pre,"[8,infinity)",>=2,595,4,0,591,0,0,0.00645795407117390272613254990935949658017641077455260212122449
15,post,"[0,1)",<-2,3,0,2,3,0.666666666666666666666666666666666666666666666666666666666667,0.207659600802047752945264855140917075218944785512027051294273,0.938508055279603758126555557060812609219789224671009857326435
15,post,"[0,1)","[-2,0)",67,0,20,67,0.298507462686567164179104477611940298507462686567164179104478,0.202315112766027203730138715363468975993197912770058889440939,0.416552137436437694964042804801396345544265491959887638305733
15,post,"[0,1)","[0,2)",71,0,1,71,0.0140845070422535211267605633802816901408450704225352112676056,0.0024906032705442203802085317687359970085002596631454615946497,0.0755605052024900550720905661746277482751243345924642547612745
15,post,"[0,1)",>=2,3,0,0,3,0,0,0.561497031755045466784538763394810946683797969450889274137888
15,post,"[1,2)",<-2,7,0,2,7,0.285714285714285714285714285714285714285714285714285714285714,0.082218924004056765947248749487853093510976457849667296896903,0.641065548167380691532554181912344651606347591552555757252367
15,post,"[1,2)","[-2,0)",34,0,0,34,0,0,0.101514554153323765588772493480518861287464008360250122371569
15,post,"[1,2)","[0,2)",55,0,0,55,0,0,0.0652849011170863617082752164831945160186431362702498605244216
15,post,"[1,2)",>=2,12,0,0,12,0,0,0.242494006655240850743536740887323444981368621780736059953412
15,post,"[2,4)",<-2,10,0,1,10,0.1,0.017876213095072907017716328005121013219916667655301041770911,0.404150026795238456603108413629514457559016823468113501651417
15,post,"[2,4)","[-2,0)",57,0,0,57,0,0,0.0631388348529789376467493545126918698924588930481735356113293
15,post,"[2,4)","[0,2)",77,0,0,77,0,0,0.0475184252824340770166203434103553291498538565761673835857880
15,post,"[2,4)",>=2,15,0,0,15,0,0,0.203883301035848588906113525033002846962414143120117784623588
15,post,"[4,8)",<-2,15,0,0,15,0,0,0.203883301035848588906113525033002846962414143120117784623588
15,post,"[4,8)","[-2,0)",59,0,0,59,0,0,0.0611293705267883787274886475527909389645305107062714506721006
15,post,"[4,8)","[0,2)",76,0,0,76,0,0,0.0481135850651373179806680027772221016786979542922821152437366
15,post,"[4,8)",>=2,25,0,0,25,0,0,0.133192250939048476302451276015897355794721028940851862306375
15,post,"[8,infinity)",<-2,31,0,0,31,0,0,0.110255395460435947523151756013484623904252359343767063579533
15,post,"[8,infinity)","[-2,0)",47,0,0,47,0,0,0.0755576041639963038825695812256625050553254265806214850274608
15,post,"[8,infinity)","[0,2)",53,0,0,53,0,1E-61,0.0675819885765418623175236146915175279342690912177879901825493
15,post,"[8,infinity)",>=2,51,0,0,51,0,0,0.0700466198985314286470815236343186373048119762891080460857752
10,pre,"[0,1)",<-2,91,0,77,91,0.846153846153846153846153846153846153846153846153846153846154,0.758178592877622292359750792257838831443486608368843415788335,0.906087865940845257873385857097024563105915989233448340650699
10,pre,"[0,1)","[-2,0)",329,0,75,329,0.227963525835866261398176291793313069908814589665653495440729,0.185924664544266370689009278711068064400972863185987351847318,0.276281754589266064139799483790972270359081137311232863016826
10,pre,"[0,1)","[0,2)",369,1,2,368,0.00543478260869565217391304347826086956521739130434782608695652,0.00149168085902056743260031684236160647686628760508524434714142,0.0195964970046408356880794333939681133454146802923208793225134
10,pre,"[0,1)",>=2,73,0,1,73,0.0136986301369863013698630136986301369863013698630136986301370,0.0024222514664838605883421806918395867838947832543642236570815,0.0735973727096381761174248229999780209218046046922383244280093
10,pre,"[1,2)",<-2,70,0,16,70,0.228571428571428571428571428571428571428571428571428571428571,0.145880632225724379330628151586562086764032014383941422569413,0.339503315939849090105520244798958979856886544084537321157971
10,pre,"[1,2)","[-2,0)",279,0,2,279,0.00716845878136200716845878136200716845878136200716845878136201,0.0019680562353958329428998256230863419085078652413544628827612,0.0257558101786335797674159938841236228264598157524467927125164
10,pre,"[1,2)","[0,2)",322,0,1,322,0.00310559006211180124223602484472049689440993788819875776397516,0.00054842342044564701640244085549488471329980002061348422234399,0.0173788803727423031011443666043163858730037567770934893730247
10,pre,"[1,2)",>=2,77,1,0,76,0,0,0.0481135850651373179806680027772221016786979542922821152437366
10,pre,"[2,4)",<-2,136,2,2,134,0.0149253731343283582089552238805970149253731343283582089552239,0.0041026643692217278044964106082707205556903792726782212040440,0.0527848561763522397572409359251102860783581259045757763885504
10,pre,"[2,4)","[-2,0)",452,0,0,452,0,0,0.00842718174567172976584749041279020052587869998611961204516334
10,pre,"[2,4)","[0,2)",543,0,0,543,0,0,0.00702481269247311261637571395743827484062628527923343045838662
10,pre,"[2,4)",>=2,157,0,0,157,0,0,0.0238835114333088644135281400140294885041317491684403884074408
10,pre,"[4,8)",<-2,197,1,0,196,0,0,0.0192225319178681433650640704988290932892267511679518953367395
10,pre,"[4,8)","[-2,0)",568,2,0,566,0,0,0.00674127647476572165629308277808169445149850277553963685219350
10,pre,"[4,8)","[0,2)",645,1,0,644,0,0,0.00592962794892282768015890947775577687289665291053752824014732
10,pre,"[4,8)",>=2,263,4,0,259,0,0,0.0146151175614753434966925135614189682936641766171543916525436
10,pre,"[8,infinity)",<-2,400,1,0,399,0,0,0.00953590733173262894676946632098244475241214828569198153625572
10,pre,"[8,infinity)","[-2,0)",499,3,0,496,0,0,0.00768535453172993850005759070696592262714438186364832440553718
10,pre,"[8,infinity)","[0,2)",628,5,0,623,0,1E-62,0.00612827815811870432183962483684545569672171025614518116830791
10,pre,"[8,infinity)",>=2,608,5,0,603,0,0,0.00633025111395557476216721166413153669371596027637022175595290
10,post,"[0,1)",<-2,2,0,2,2,1,0.342380227506653091933786828977194132238321530410169611162190,1
10,post,"[0,1)","[-2,0)",61,0,13,61,0.213114754098360655737704918032786885245901639344262295081967,0.128997737400574405013471215551111153102158105089946358760904,0.331224154016375573759049231506187086566604863203918015154626
10,post,"[0,1)","[0,2)",78,0,2,78,0.0256410256410256410256410256410256410256410256410256410256410,0.0070600934727592156848624913108368411456226662275112298010495,0.0887527003567584358217298262250268430760189581129102156743425
10,post,"[0,1)",>=2,2,0,0,2,0,0,0.657619772493346908066213171022805867761678469589830388837810
10,post,"[1,2)",<-2,6,0,1,6,0.166666666666666666666666666666666666666666666666666666666667,0.030053369748306669995961946390895487521438424174221601471187,0.563502822186470213269842757037262917935645358316977255355995
10,post,"[1,2)","[-2,0)",36,0,0,36,0,0,0.0964186285944636615382445947927992309228324969090787481472514
10,post,"[1,2)","[0,2)",56,0,0,56,0,0,0.0641939367187634082571385364426753514186284263063409088932485
10,post,"[1,2)",>=2,7,0,0,7,0,0,0.354330435066687400786206839933794738607089448605187126348296
10,post,"[2,4)",<-2,13,0,0,13,0,1E-60,0.228095372354198371443420042369827223554730318588668470106495
10,post,"[2,4)","[-2,0)",57,0,0,57,0,0,0.0631388348529789376467493545126918698924588930481735356113293
10,post,"[2,4)","[0,2)",72,0,0,72,0,0,0.0506511725964578009440305106347497027080222716711094909621028
10,post,"[2,4)",>=2,21,0,0,21,0,0,0.154639018924846951507636945003626730599908470059449552977985
10,post,"[4,8)",<-2,16,0,0,16,0,0,0.193607680534436484397123030315166534447518308110879063675717
10,post,"[4,8)","[-2,0)",54,0,0,54,0,0,0.0664135880908963855375278976388973577065364193631704384352427
10,post,"[4,8)","[0,2)",84,0,0,84,0,0,0.0437317284146598801624975314283815795965094588977717772519719
10,post,"[4,8)",>=2,21,0,0,21,0,0,0.154639018924846951507636945003626730599908470059449552977985
10,post,"[8,infinity)",<-2,33,0,0,33,0,0,0.104269997542452055904110156546589646564609266108543906361983
10,post,"[8,infinity)","[-2,0)",44,0,0,44,0,0,0.0802956037584806626166952308778981439265432201360044951705709
10,post,"[8,infinity)","[0,2)",62,0,0,62,0,0,0.0583440721013724791893274262008387953817748151642297448820570
10,post,"[8,infinity)",>=2,46,0,0,46,0,0,0.0770735630855803739782707173457028486860107581201611900926340
5,pre,"[0,1)",<-2,77,0,46,77,0.597402597402597402597402597402597402597402597402597402597403,0.485768531679494621298954246995934582737927890180543277516991,0.699779827031719519541963867924126067427684994902021517888375
5,pre,"[0,1)","[-2,0)",347,0,45,347,0.129682997118155619596541786743515850144092219020172910662824,0.0983507840292037020639488970126055141949559576588388733074875,0.169124613935818542638377491994085420756047075035240431964690
5,pre,"[0,1)","[0,2)",367,1,5,366,0.0136612021857923497267759562841530054644808743169398907103825,0.0058489885272357335455313482991574473565512465053851321120169,0.0315763960276221802034725520442911178405155184361615747229961
5,pre,"[0,1)",>=2,80,0,0,80,0,0,0.0458181295355271052802616467866728343095157757904777021011736
5,pre,"[1,2)",<-2,77,1,2,76,0.0263157894736842105263157894736842105263157894736842105263158,0.0072466590751283323922110306699458982188724227321200258657579,0.0909662109865807056947376035400539875819993234395156622598871
5,pre,"[1,2)","[-2,0)",300,1,0,299,0,1E-62,0.0126847190462405270686261674327403590702579934515284510943375
5,pre,"[1,2)","[0,2)",312,0,0,312,0,0,0.0121626173936682384333738107329222357213622650363606514344434
5,pre,"[1,2)",>=2,83,0,0,83,0,1E-61,0.0442353096419738403383844233759625755395690083553910862604569
5,pre,"[2,4)",<-2,134,2,1,132,0.00757575757575757575757575757575757575757575757575757575757576,0.0013385613550180305282437936745715111818557306384673335977349,0.0416634710981569761492577858379989357717309058489389363527927
5,pre,"[2,4)","[-2,0)",472,0,0,472,0,0,0.00807298050534444470969714200369917797794469668853625460172894
5,pre,"[2,4)","[0,2)",532,0,0,532,0,0,0.00716902127944447215360868717415124311242102171928662591640759
5,pre,"[2,4)",>=2,138,1,0,137,0,0,0.0272750570241160523589009578516222674823195161467111647976672
5,pre,"[4,8)",<-2,195,0,0,195,0,0,0.0193192045737210765227711500439204015803178609317136366165510
5,pre,"[4,8)","[-2,0)",554,0,0,554,0,0,0.00688629136460235296623057090328948818154565699127343217388122
5,pre,"[4,8)","[0,2)",640,4,0,636,0,0,0.00600376666397079416182404752565388915657959842408594794198883
5,pre,"[4,8)",>=2,265,3,0,262,0,0,0.0144501871067639922849898589871660761104183972919674060858556
5,pre,"[8,infinity)",<-2,380,2,0,378,0,1E-62,0.0100603502630603685743121753758860721631045100036568112539210
5,pre,"[8,infinity)","[-2,0)",524,2,0,522,0,1E-62,0.00730535555205056245728978604533966160871103625797648451780111
5,pre,"[8,infinity)","[0,2)",634,5,0,629,0,0,0.00607017566114065733679003969641291315605861570340727881170335
5,pre,"[8,infinity)",>=2,616,5,0,611,0,0,0.00624788515085220944538737578246270361994157330736740560046405
5,post,"[0,1)",<-2,5,0,2,5,0.4,0.117620774232647912731540971445135881574723095506224918639884,0.769275718723987039485415602859975372787081284270487909919182
5,post,"[0,1)","[-2,0)",65,0,8,65,0.123076923076923076923076923076923076923076923076923076923077,0.0637046750986922385564270423089040512583819925158085008814379,0.224514940821615253034559809141213946968561218306959622663892
5,post,"[0,1)","[0,2)",69,0,1,69,0.0144927536231884057971014492753623188405797101449275362318841,0.0025629246445884669875795259082180627087176604343799674346941,0.0776312246114472630839370620856753805435217557197008803006097
5,post,"[0,1)",>=2,3,0,0,3,0,0,0.561497031755045466784538763394810946683797969450889274137888
5,post,"[1,2)",<-2,4,0,0,4,0,0,0.489890836454597301712536589852471046460117866669254129450196
5,post,"[1,2)","[-2,0)",37,0,0,37,0,0,0.0940578258372024807966737008331431353361241242445789105818134
5,post,"[1,2)","[0,2)",46,0,0,46,0,0,0.0770735630855803739782707173457028486860107581201611900926340
5,post,"[1,2)",>=2,7,0,0,7,0,0,0.354330435066687400786206839933794738607089448605187126348296
5,post,"[2,4)",<-2,10,0,0,10,0,0,0.277532799862889204526030927043294338473666863904268179277910
5,post,"[2,4)","[-2,0)",63,0,0,63,0,0,0.0574711995888517149615499543750721737797381671477228770828911
5,post,"[2,4)","[0,2)",80,0,0,80,0,0,0.0458181295355271052802616467866728343095157757904777021011736
5,post,"[2,4)",>=2,17,0,0,17,0,0,0.184318135008851803742656742183482675848991885361038668946270
5,post,"[4,8)",<-2,20,0,0,20,0,0,0.161125158052819354664367409458698834644472493370427941636724
5,post,"[4,8)","[-2,0)",56,0,0,56,0,0,0.0641939367187634082571385364426753514186284263063409088932485
5,post,"[4,8)","[0,2)",83,0,0,83,0,1E-61,0.0442353096419738403383844233759625755395690083553910862604569
5,post,"[4,8)",>=2,21,0,0,21,0,0,0.154639018924846951507636945003626730599908470059449552977985
5,post,"[8,infinity)",<-2,35,0,0,35,0,0,0.0989009923244040343269259218648434359116695776673122585987557
5,post,"[8,infinity)","[-2,0)",43,0,0,43,0,0,0.0820098032257911641526771184451815481418608757099502151814816
5,post,"[8,infinity)","[0,2)",56,0,0,56,0,0,0.0641939367187634082571385364426753514186284263063409088932485
5,post,"[8,infinity)",>=2,46,0,0,46,0,0,0.0770735630855803739782707173457028486860107581201611900926340
3,pre,"[0,1)",<-2,68,0,30,68,0.441176470588235294117647058823529411764705882352941176470588,0.329462339695301954869203357786229457040779646044200249888353,0.559181346954118107741316999928805342680101206531762788760545
3,pre,"[0,1)","[-2,0)",343,0,39,343,0.113702623906705539358600583090379008746355685131195335276968,0.0842996880885955340120716130233899693994634962728585035681743,0.151662469085364243633192152936309473803317544452773192113486
3,pre,"[0,1)","[0,2)",373,0,4,373,0.0107238605898123324396782841823056300268096514745308310991957,0.0041779830694256447868557115529048838528322452328426307179986,0.0272449364197180354154697903061510423155444852208875495389338
3,pre,"[0,1)",>=2,79,0,0,79,0,0,0.0463712116539226537995918502603343755594242531930567830938932
3,pre,"[1,2)",<-2,90,2,3,88,0.0340909090909090909090909090909090909090909090909090909090909,0.0116609971995854567896147551593687531435967137754756121453784,0.0954960421927004578102574269591179048041229178442322927007592
3,pre,"[1,2)","[-2,0)",288,1,0,287,0,1E-62,0.0132080853818795220014717836547854462409633379207316211759028
3,pre,"[1,2)","[0,2)",311,0,0,311,0,1E-62,0.0122012483206091372512426986859317563594633993975987925369145
3,pre,"[1,2)",>=2,76,1,0,75,0,0,0.0487238424828058578057558740910260828590172798392949508123418
3,pre,"[2,4)",<-2,119,0,0,119,0,0,0.0312716802419394988016609447635375212858682227857432872647204
3,pre,"[2,4)","[-2,0)",465,1,0,464,0,0,0.00821102693715396096276389260126241695625451030460113632140797
3,pre,"[2,4)","[0,2)",548,0,0,548,0,0,0.00696116386199664388059529302031308155050910259032414791106544
3,pre,"[2,4)",>=2,140,1,0,139,0,0,0.0268931642984424248300934156766418861146633454377534543967238
3,pre,"[4,8)",<-2,197,0,0,197,0,0,0.0191268219383114348819199091234841886811462113505488676203058
3,pre,"[4,8)","[-2,0)",544,1,0,543,0,0,0.00702481269247311261637571395743827484062628527923343045838662
3,pre,"[4,8)","[0,2)",662,2,0,660,0,0,0.00578671122396969236943198589573286350725183967135283105197546
3,pre,"[4,8)",>=2,263,4,0,259,0,0,0.0146151175614753434966925135614189682936641766171543916525436
3,pre,"[8,infinity)",<-2,401,2,0,399,0,0,0.00953590733173262894676946632098244475241214828569198153625572
3,pre,"[8,infinity)","[-2,0)",502,3,0,499,0,1E-62,0.00763950297515927937910874227489125168141482113556244339445903
3,pre,"[8,infinity)","[0,2)",669,4,0,665,0,0,0.00574345200949027850709591238621796743737869975486736596680223
3,pre,"[8,infinity)",>=2,593,4,0,589,0,0,0.00647974051669011322977062942639329291807274719349882595001312
3,post,"[0,1)",<-2,6,0,2,6,0.333333333333333333333333333333333333333333333333333333333333,0.096771411105780481356761565536894948952997489896717266451625,0.700006684861607960276140786177184253775544401348882161961965
3,post,"[0,1)","[-2,0)",62,0,5,62,0.0806451612903225806451612903225806451612903225806451612903226,0.0349383469859927281240093521245295298304221110829594757294279,0.175285713486126125389620102108432040489776120990265471591008
3,post,"[0,1)","[0,2)",71,0,1,71,0.0140845070422535211267605633802816901408450704225352112676056,0.0024906032705442203802085317687359970085002596631454615946497,0.0755605052024900550720905661746277482751243345924642547612745
3,post,"[0,1)",>=2,4,0,0,4,0,0,0.489890836454597301712536589852471046460117866669254129450196
3,post,"[1,2)",<-2,4,0,0,4,0,0,0.489890836454597301712536589852471046460117866669254129450196
3,post,"[1,2)","[-2,0)",34,0,0,34,0,0,0.101514554153323765588772493480518861287464008360250122371569
3,post,"[1,2)","[0,2)",50,0,0,50,0,0,0.0713475991333587138560303648955163319305787845818625567216570
3,post,"[1,2)",>=2,8,0,0,8,0,0,0.324407564883880212890280277144521794238395570390205804016566
3,post,"[2,4)",<-2,10,0,0,10,0,0,0.277532799862889204526030927043294338473666863904268179277910
3,post,"[2,4)","[-2,0)",66,0,0,66,0,0,0.0550025570135412927977427089779817231457155686687380386388194
3,post,"[2,4)","[0,2)",72,0,0,72,0,0,0.0506511725964578009440305106347497027080222716711094909621028
3,post,"[2,4)",>=2,15,0,0,15,0,0,0.203883301035848588906113525033002846962414143120117784623588
3,post,"[4,8)",<-2,17,0,0,17,0,0,0.184318135008851803742656742183482675848991885361038668946270
3,post,"[4,8)","[-2,0)",59,0,0,59,0,0,0.0611293705267883787274886475527909389645305107062714506721006
3,post,"[4,8)","[0,2)",85,0,0,85,0,1E-61,0.0432394838140514837045856570849315112406781489145870561252631
3,post,"[4,8)",>=2,18,0,0,18,0,0,0.175879223646657630299759265673340687198492408383498668745102
3,post,"[8,infinity)",<-2,34,0,0,34,0,0,0.101514554153323765588772493480518861287464008360250122371569
3,post,"[8,infinity)","[-2,0)",42,0,0,42,0,1E-61,0.0837987908657039155820891979759801121544070253800093089929563
3,post,"[8,infinity)","[0,2)",63,0,0,63,0,0,0.0574711995888517149615499543750721737797381671477228770828911
3,post,"[8,infinity)",>=2,46,0,0,46,0,0,0.0770735630855803739782707173457028486860107581201611900926340
