t_sec,utc_market_start_date,N,U,L,resolved,loss_rate,wilson_95_low,wilson_95_high
3,2026-08-16,257,0,6,257,0.0233463035019455252918287937743190661478599221789883268482490,0.0107427339211865833284001506732755222520159762826715892816649,0.0499894015771958027674578521570397825284055195028926998532869
3,2026-08-17,266,1,3,265,0.0113207547169811320754716981132075471698113207547169811320755,0.0038574073032750318802098856448271052961493442332326850353615,0.0327495165836317176938446141434867617748483652628810602529219
3,2026-08-18,258,0,3,258,0.0116279069767441860465116279069767441860465116279069767441860,0.0039622707402485397016802974292365960509902362377157329360844,0.0336232929249517730347332355407106276031503668266427165029096
3,2026-08-19,257,0,1,257,0.00389105058365758754863813229571984435797665369649805447470817,0.0006871965081303865702880831507848873290699770977025896497258,0.0217074751330431173254008585705636951974911715770684051642036
3,2026-08-20,270,4,5,266,0.0187969924812030075187969924812030075187969924812030075187970,0.0080550149272606414497745615416218019524779313051764921802096,0.0432397671317541699597142633733387161621335880664326574344954
3,2026-08-21,259,21,4,238,0.0168067226890756302521008403361344537815126050420168067226891,0.0065547206817049799439142039865225253657635083585249114131634,0.0424090048864309974761390025046127696022502564293880842227652
3,2026-08-22,271,0,4,271,0.0147601476014760147601476014760147601476014760147601476014760,0.0057545103667140047241017511465762514199272070116349955828026,0.0373301787900971695389986084079430455151485276202954772973316
3,2026-08-23,269,0,1,269,0.00371747211895910780669144981412639405204460966542750929368030,0.0006565268013418777597175888450355577763818528553113743588091,0.0207531916701203839136418951377441313727539269211775642563801
3,2026-08-24,268,0,3,268,0.0111940298507462686567164179104477611940298507462686567164179,0.0038141459210847194918429268031316858294821612102411921797337,0.0323887896553665681498800410962963567092243942488708325336819
3,2026-08-25,275,0,4,275,0.0145454545454545454545454545454545454545454545454545454545455,0.0056705983069991140911132659225136606780627514837212699274741,0.0367960380058909372266140040083399586706370018385340645123299
3,2026-08-26,275,0,2,275,0.00727272727272727272727272727272727272727272727272727272727273,0.0019967151432606753350538568482326173456246921669281213452233,0.0261248520507213617702049077632330412442540836770089409513569
3,2026-08-27,277,0,5,277,0.0180505415162454873646209386281588447653429602888086642599278,0.0077341398699726903298239630178634862477323026312368191676468,0.0415515278473828686598144355142416919191255198741809580000808
3,2026-08-28,269,0,1,269,0.00371747211895910780669144981412639405204460966542750929368030,0.0006565268013418777597175888450355577763818528553113743588091,0.0207531916701203839136418951377441313727539269211775642563801
3,2026-08-29,268,0,2,268,0.00746268656716417910447761194029850746268656716417910447761194,0.0020489291655564891138914319132317448668075798104358927612184,0.0267967769114783961434172074968789544851715447743182084767272
3,2026-08-30,275,0,2,275,0.00727272727272727272727272727272727272727272727272727272727273,0.0019967151432606753350538568482326173456246921669281213452233,0.0261248520507213617702049077632330412442540836770089409513569
3,2026-08-31,273,0,3,273,0.0109890109890109890109890109890109890109890109890109890109890,0.0037441604260291120594386739282100477541726379150893022949019,0.0318049183232931984564314241271113456623834573092173556542847
3,2026-09-01,272,0,4,272,0.0147058823529411764705882352941176470588235294117647058823529,0.0057333003876935111705381803763174019652697710030889987135298,0.0371951951014180675197518216250627173818273665334031578719602
3,2026-09-02,267,0,1,267,0.00374531835205992509363295880149812734082397003745318352059925,0.0006614468840196788871166181887068028768758682398058785016970,0.0209063693806289368240270682381076488683668258162094393071068
3,2026-09-03,275,0,2,275,0.00727272727272727272727272727272727272727272727272727272727273,0.0019967151432606753350538568482326173456246921669281213452233,0.0261248520507213617702049077632330412442540836770089409513569
3,2026-09-04,267,0,0,267,0,0,0.0141834224251365297919825067017338060980369785394569428488702
3,2026-09-05,279,0,2,279,0.00716845878136200716845878136200716845878136200716845878136201,0.0019680562353958329428998256230863419085078652413544628827612,0.0257558101786335797674159938841236228264598157524467927125164
3,2026-09-06,276,0,3,276,0.0108695652173913043478260869565217391304347826086956521739130,0.0037033885017201621574500565847392143370747956501719329912365,0.0314645914758283055831486348467693639288748604674724317544823
3,2026-09-07,274,0,5,274,0.0182481751824817518248175182481751824817518248175182481751825,0.0078190880590579600919747138434863981054910395948203494136677,0.0419987428702950087850060581460216906393992544377186143103025
3,2026-09-08,263,0,5,263,0.0190114068441064638783269961977186311787072243346007604562738,0.0081472001225001146295811034402261192461267272457104005296192,0.0437242702324681679146777055112237867169977668061965806595358
3,2026-09-09,245,0,4,245,0.0163265306122448979591836734693877551020408163265306122448980,0.0063669147497161295720665378947428807010971576966577823663530,0.0412194435557406739402214003891437005795208022955108350928226
3,2026-09-10,267,0,1,267,0.00374531835205992509363295880149812734082397003745318352059925,0.0006614468840196788871166181887068028768758682398058785016970,0.0209063693806289368240270682381076488683668258162094393071068
3,2026-09-11,277,0,3,277,0.0108303249097472924187725631768953068592057761732851985559567,0.0036899944738708117514823723857359837321681776887775747956942,0.0313527618984264035526075377348651521600358294234629406067558
3,2026-09-12,248,0,5,248,0.0201612903225806451612903225806451612903225806451612903225806,0.0086416978826586674420874756837459756645698862764380229382910,0.0463193037153703350646148954463141168796478039216783832626680
5,2026-08-16,255,0,6,255,0.0235294117647058823529411764705882352941176470588235294117647,0.0108273329999883719685348133863087767199015146824701836550446,0.0503740637656970471948064548603330183825987361695590398664686
5,2026-08-17,271,1,3,270,0.0111111111111111111111111111111111111111111111111111111111111,0.0037858400928526407459268576025879359390455705360565525776036,0.0321526874883129057318700697514861413442232985467838214233740
5,2026-08-18,259,0,3,259,0.0115830115830115830115830115830115830115830115830115830115830,0.0039469425318932670642577674462407846579322821152839127569969,0.0334956240436019526448665797778480144860717205261835045715497
5,2026-08-19,256,0,1,256,0.00390625,0.0006898821669617927774306763637961108447201356425499102738806,0.0217909753805825152602067872731744116137014195608384172407070
5,2026-08-20,269,4,5,265,0.0188679245283018867924528301886792452830188679245283018867925,0.0080855106514674315754717055700323424601609812869242032694360,0.0434000707815874763063194042601608471271147558617592139062872
5,2026-08-21,259,22,8,237,0.0337552742616033755274261603375527426160337552742616033755274,0.0172016994962613774790448939952917220193517454723187033557743,0.0651822011737060903221282077648958329914373200636626677519663
5,2026-08-22,272,0,6,272,0.0220588235294117647058823529411764705882352941176470588235294,0.0101480483937465061186083079439317424857401385196980066639408,0.0472815304970452001672833606937911023257949211753321475490420
5,2026-08-23,271,0,2,271,0.00738007380073800738007380073800738007380073800738007380073801,0.0020262210505267525832327253749298454732729039047352075448282,0.0265046230744488501857703012450574255596747050181751964817718
5,2026-08-24,269,0,3,269,0.0111524163568773234200743494423791821561338289962825278810409,0.0037999402948251689694947709053295252219031844336222800115969,0.0322703067388623771731776796095433521047736323499604572760239
5,2026-08-25,272,0,5,272,0.0183823529411764705882352941176470588235294117647058823529412,0.0078767645466331355156031963898633801599149623019834225974341,0.0423022726433185069724876389296881019194011363137777328018025
5,2026-08-26,276,0,3,276,0.0108695652173913043478260869565217391304347826086956521739130,0.0037033885017201621574500565847392143370747956501719329912365,0.0314645914758283055831486348467693639288748604674724317544823
5,2026-08-27,275,0,5,275,0.0181818181818181818181818181818181818181818181818181818181818,0.0077905654095691368016671795154683046764835596729762120039192,0.0418486054627749216222943430750792950516266823884382585074966
5,2026-08-28,270,0,3,270,0.0111111111111111111111111111111111111111111111111111111111111,0.0037858400928526407459268576025879359390455705360565525776036,0.0321526874883129057318700697514861413442232985467838214233740
5,2026-08-29,265,0,4,265,0.0150943396226415094339622641509433962264150943396226415094340,0.0058851406063575291152379852599673448826920861493267809481544,0.0381611120536232996126848195492861834464446371730718002838490
5,2026-08-30,277,0,3,277,0.0108303249097472924187725631768953068592057761732851985559567,0.0036899944738708117514823723857359837321681776887775747956942,0.0313527618984264035526075377348651521600358294234629406067558
5,2026-08-31,274,0,3,274,0.0109489051094890510948905109489051094890510948905109489051095,0.0037304703994537901903682579070456302803247724866440941729837,0.0316906609985257388211122227489701567788820411524484902134707
5,2026-09-01,270,0,5,270,0.0185185185185185185185185185185185185185185185185185185185185,0.0079352982543271782326189670948294586483978278878588368039334,0.0426102213331843448136961886326677386760336340876657739546052
5,2026-09-02,267,0,1,267,0.00374531835205992509363295880149812734082397003745318352059925,0.0006614468840196788871166181887068028768758682398058785016970,0.0209063693806289368240270682381076488683668258162094393071068
5,2026-09-03,274,0,4,274,0.0145985401459854014598540145985401459854014598540145985401460,0.0056913460552954761240785574920930133921864147955053900199244,0.0369281351083707728201520688306689245098621390403103840352878
5,2026-09-04,268,0,0,268,0,0,0.0141312470782020804884799824314760129785242628360382542870052
5,2026-09-05,279,0,2,279,0.00716845878136200716845878136200716845878136200716845878136201,0.0019680562353958329428998256230863419085078652413544628827612,0.0257558101786335797674159938841236228264598157524467927125164
5,2026-09-06,276,0,4,276,0.0144927536231884057971014492753623188405797101449275362318841,0.0056500012817968665514959320362936194637578646089754991798052,0.0366648825477697606873205468660926730372588310929826110122418
5,2026-09-07,273,0,6,273,0.0219780219780219780219780219780219780219780219780219780219780,0.0101107351050512153415073676380043092896853553922377004142142,0.0471113980543986837020959866407930078703189174674777966821818
5,2026-09-08,264,0,6,264,0.0227272727272727272727272727272727272727272727272727272727273,0.0104567711607012248096237930231226666360886347219441000255230,0.0486881382586398442975129749819580990211095303826336948915200
5,2026-09-09,241,0,7,241,0.0290456431535269709543568464730290456431535269709543568464730,0.0141395216552067093776094746998744852563031664524167498012208,0.0587299135565808615907860200490361016093783684260268976540402
5,2026-09-10,266,0,2,266,0.00751879699248120300751879699248120300751879699248120300751880,0.0020643528076100845231991906202245319245809300849912034039310,0.0269951507059128865286995286286803733333417967718900356548686
5,2026-09-11,277,0,4,277,0.0144404332129963898916967509025270758122743682310469314079422,0.0056295533432172072568891170590651639127427850971446179130387,0.0365346587016091798899750372672879931167881297116845283720501
5,2026-09-12,248,0,6,248,0.0241935483870967741935483870967741935483870967741935483870968,0.0111342203584944001638623749225633624835398390205838568772388,0.0517682854277864594646324132568239561737516521002374534732922
10,2026-08-16,253,0,10,253,0.0395256916996047430830039525691699604743083003952569169960474,0.0216088952329519037072347005122662454091600533858085737475181,0.0712166903643417866380294546517200231290925406688232689040615
10,2026-08-17,269,1,5,268,0.0186567164179104477611940298507462686567164179104477611940299,0.0079947084361926204828901839841731887545915798203577249379839,0.0429226861390914719276614408938895401575698373874701467263721
10,2026-08-18,259,0,6,259,0.0231660231660231660231660231660231660231660231660231660231660,0.0106594466446879294530979160302787631820551412482202019741929,0.0496105689448271664684582648564798668122886874175602410303565
10,2026-08-19,258,0,5,258,0.0193798449612403100775193798449612403100775193798449612403101,0.0083056222837788191943527295834624711574320936276316846178035,0.0445563610057833933398955092123586060894999284357052021316827
10,2026-08-20,266,4,10,262,0.0381679389312977099236641221374045801526717557251908396946565,0.0208619375917014626416526480201903620276256153227275985292455,0.0688210596595843622933379850900928075094784004965705399164681
10,2026-08-21,259,21,10,238,0.0420168067226890756302521008403361344537815126050420168067227,0.0229802418473381569437276565499534014609931035490147690460473,0.0756027676041994216544097304720791824652112474238766789914853
10,2026-08-22,268,0,7,268,0.0261194029850746268656716417910447761194029850746268656716418,0.0127086519002841435504296831604017095265940514374158396495389,0.0529232016738327536289505986962957057590222275191278789657573
10,2026-08-23,265,0,3,265,0.0113207547169811320754716981132075471698113207547169811320755,0.0038574073032750318802098856448271052961493442332326850353615,0.0327495165836317176938446141434867617748483652628810602529219
10,2026-08-24,270,0,14,270,0.0518518518518518518518518518518518518518518518518518518518519,0.0311350535007920099837151744696475134632521284493271150015769,0.0851419301152764076209320089382537240464110015432765611659861
10,2026-08-25,275,0,9,275,0.0327272727272727272727272727272727272727272727272727272727273,0.0173117041732649840886690314639604227379534803591987462545050,0.0610176049368951027602295017653630985077987166588522685433586
10,2026-08-26,272,0,6,272,0.0220588235294117647058823529411764705882352941176470588235294,0.0101480483937465061186083079439317424857401385196980066639408,0.0472815304970452001672833606937911023257949211753321475490420
10,2026-08-27,270,0,6,270,0.0222222222222222222222222222222222222222222222222222222222222,0.0102235073499663711841062977186640655429541238459674609925345,0.0476255082407181401464679721955446918020586345758992681447845
10,2026-08-28,268,0,4,268,0.0149253731343283582089552238805970149253731343283582089552239,0.0058190924579965886823032951226214646028140530004511496259246,0.0377410726178711013438340012661239211226199333330187985629612
10,2026-08-29,269,0,7,269,0.0260223048327137546468401486988847583643122676579925650557621,0.0126611976522722064810433181069750894061092625271297126106510,0.0527301065058659086002550654720841642756496282706406220218332
10,2026-08-30,272,0,4,272,0.0147058823529411764705882352941176470588235294117647058823529,0.0057333003876935111705381803763174019652697710030889987135298,0.0371951951014180675197518216250627173818273665334031578719602
10,2026-08-31,276,0,6,276,0.0217391304347826086956521739130434782608695652173913043478261,0.0100004236692008232676162335685524832438308948809518071717768,0.0466082678644021229676358202755892377273198799896337939129262
10,2026-09-01,268,0,8,268,0.0298507462686567164179104477611940298507462686567164179104478,0.0152019043616921370985936985412987991231577279891896757600329,0.0577871787118411624652009118047159593491859818417119663307335
10,2026-09-02,270,0,4,270,0.0148148148148148148148148148148148148148148148148148148148148,0.0057758778595820591681240866574190934937742702778924907972805,0.0374661457247564755939319548833665438100758952512900015824777
10,2026-09-03,269,0,7,269,0.0260223048327137546468401486988847583643122676579925650557621,0.0126611976522722064810433181069750894061092625271297126106510,0.0527301065058659086002550654720841642756496282706406220218332
10,2026-09-04,271,0,2,271,0.00738007380073800738007380073800738007380073800738007380073801,0.0020262210505267525832327253749298454732729039047352075448282,0.0265046230744488501857703012450574255596747050181751964817718
10,2026-09-05,277,0,6,277,0.0216606498194945848375451263537906137184115523465703971119134,0.0099641861656843203407727537385404177649426770918284233508826,0.0464429372242004104916398889993167815392420531101779846994838
10,2026-09-06,274,0,7,274,0.0255474452554744525547445255474452554744525547445255474452555,0.0124291449547206641111442937405519632358416096341521910519874,0.0517853855060057446313367695824484271947321647918331520094984
10,2026-09-07,273,0,9,273,0.0329670329670329670329670329670329670329670329670329670329670,0.0174392270449045603985969914901372382767660063883930438396488,0.0614559605246729271727396190121360026266864441067312924039566
10,2026-09-08,266,0,8,266,0.0300751879699248120300751879699248120300751879699248120300752,0.0153167853693953620952756323073987859756041138765370189008900,0.0582132752351112896718032982736173449956961980098000412697202
10,2026-09-09,245,0,12,245,0.0489795918367346938775510204081632653061224489795918367346939,0.0282372998230507947830895013537262033777022176758437151705483,0.0836470258541895156650777322358895538502157956501869365529869
10,2026-09-10,267,0,5,267,0.0187265917602996254681647940074906367041198501872659176029963,0.0080247483800954329071804770050669910837809431360818160871418,0.0430806432426015264806079283220700432502846129861670015613962
10,2026-09-11,280,0,4,280,0.0142857142857142857142857142857142857142857142857142857142857,0.0055690880340429908881669587277849382570475874039984755591092,0.0361494786259970039470519249957325327941851505294807730636454
10,2026-09-12,248,0,10,248,0.0403225806451612903225806451612903225806451612903225806451613,0.0220474549357162598002032287766672247076907558491845621992173,0.0726210676035720283154612276000289984018959389624563647496009
15,2026-08-16,256,0,13,256,0.05078125,0.0299138113865535311878761484493111042990181521548470384748385,0.0849310596210653304210081690172370065885289253915282187234101
15,2026-08-17,269,1,8,268,0.0298507462686567164179104477611940298507462686567164179104478,0.0152019043616921370985936985412987991231577279891896757600329,0.0577871787118411624652009118047159593491859818417119663307335
15,2026-08-18,261,0,9,261,0.0344827586206896551724137931034482758620689655172413793103448,0.0182456440578155099661521730155854122621181174015052379674120,0.0642242944403010916185959686582211541210198683669393234604146
15,2026-08-19,258,0,7,258,0.0271317829457364341085271317829457364341085271317829457364341,0.0132035212523351714709933238541142239337875729505708353639438,0.0549348816615889408610896207675807069059358681117444886960346
15,2026-08-20,270,4,13,266,0.0488721804511278195488721804511278195488721804511278195488722,0.0287805388955572485213346341508580561048644330328987616042950,0.0818083192847691371750611392069174296275838663779848161594908
15,2026-08-21,255,22,12,233,0.0515021459227467811158798283261802575107296137339055793991416,0.0297036237089605873584373600532106066804303727636261900219119,0.0878495232752086619535815938634818717871505366605681716349017
15,2026-08-22,270,0,15,270,0.0555555555555555555555555555555555555555555555555555555555556,0.0339530272861832433137532097347501514020787083996334027495800,0.0896274523330581625751530878598626461281657180393123917967634
15,2026-08-23,266,0,9,266,0.0338345864661654135338345864661654135338345864661654135338346,0.0179007443703414930228111350546142156530915387398047123622482,0.0630410757493291055301311640817537862704383706514416513269972
15,2026-08-24,271,0,20,271,0.0738007380073800738007380073800738007380073800738007380073801,0.0482796032677501944437613862584633546548941662966970575646849,0.111235846143745551772117636772312149497206574007393966143722
15,2026-08-25,275,0,13,275,0.0472727272727272727272727272727272727272727272727272727272727,0.0278315953908511457588318652112641150354932672594525595240934,0.0791878519571249695150036786568353277279008847152349995602178
15,2026-08-26,271,0,8,271,0.0295202952029520295202952029520295202952029520295202952029520,0.0150327781813468336268104730749748871989118734451988043308310,0.0571596010391354836244845523486084615404201126047718062563714
15,2026-08-27,272,0,9,272,0.0330882352941176470588235294117647058823529411764705882352941,0.0175036956418677791628019521470925773429652881792617117858610,0.0616775083514441185164922164451443556652266547535754388683606
15,2026-08-28,274,0,8,274,0.0291970802919708029197080291970802919708029197080291970802920,0.0148673738854642738527776470823411000315630230608916830840248,0.0565455063409488548224535619074054412418524915618168496462188
15,2026-08-29,268,0,9,268,0.0335820895522388059701492537313432835820895522388059701492537,0.0177664082751826354051063365743382559139405792680671339771672,0.0625799042977670665431026022609938457451305614371924315890692
15,2026-08-30,273,0,8,273,0.0293040293040293040293040293040293040293040293040293040293040,0.0149221027200865590127376422790195448466062116405842499553749,0.0567487333794483990493545494820950548090301796427371399058273
15,2026-08-31,276,0,8,276,0.0289855072463768115942028985507246376811594202898550724637681,0.0147591118373206821756439408428016525939299986728214604730201,0.0561433874003185830560436879430954968473548553663916315043389
15,2026-09-01,271,0,9,271,0.0332103321033210332103321033210332103321033210332103321033210,0.0175686426772601986947302945380134679091118619804115009205400,0.0619006590591399043036133973528358937812841869240691440934294
15,2026-09-02,263,0,7,263,0.0266159695817490494296577946768060836501901140684410646387833,0.0129513609538582758630010257122764522675586480746824318109919,0.0539102837828496385777912408051584354194690160317398540233937
15,2026-09-03,273,0,7,273,0.0256410256410256410256410256410256410256410256410256410256410,0.0124748724887617230702941862531358531112848274158443229865371,0.0519716121407307054825535867668201052965355046556741204922619
15,2026-09-04,269,0,6,269,0.0223048327137546468401486988847583643122676579925650557620818,0.0102616592302305158167153668664608645460850182934332630693637,0.0477993806467949570299265334465517950469033540007901722269047
15,2026-09-05,275,0,9,275,0.0327272727272727272727272727272727272727272727272727272727273,0.0173117041732649840886690314639604227379534803591987462545050,0.0610176049368951027602295017653630985077987166588522685433586
15,2026-09-06,275,0,8,275,0.0290909090909090909090909090909090909090909090909090909090909,0.0148130450476631172732187211193234734162703946397054083858891,0.0563437295030429624694455594503060674500713136391864703403625
15,2026-09-07,270,0,15,270,0.0555555555555555555555555555555555555555555555555555555555556,0.0339530272861832433137532097347501514020787083996334027495800,0.0896274523330581625751530878598626461281657180393123917967634
15,2026-09-08,268,0,12,268,0.0447761194029850746268656716417910447761194029850746268656716,0.0257965505039943246531787782957770191427030926919104054659961,0.0766214505672045844482731460075071120765503406364229305266507
15,2026-09-09,246,0,13,246,0.0528455284552845528455284552845528455284552845528455284552846,0.0311400003447946916984677511966229566147978154028126512540693,0.0883015805743701383829202444089572821792819367676244899948659
15,2026-09-10,267,0,7,267,0.0262172284644194756554307116104868913857677902621722846441948,0.0127564632135386583597225087958436349974452474861662756647650,0.0531177160881824728663882559814546906310317396691992919036402
15,2026-09-11,278,0,8,278,0.0287769784172661870503597122302158273381294964028776978417266,0.0146524151374634446672143116005771040052134967941996633113645,0.0557469466303776173316651979139066013100888035915296891668039
15,2026-09-12,249,0,12,249,0.0481927710843373493975903614457831325301204819277108433734940,0.0277801784489060945918315365305829426327533268600961199676530,0.0823341159019988530411872731984578555691222557295263206041428
30,2026-08-16,258,0,20,258,0.0775193798449612403100775193798449612403100775193798449612403,0.0507397264438915606860838396536714711401811130059529821555163,0.116695404028384900331924692836203508052686551549722184422661
30,2026-08-17,267,1,13,266,0.0488721804511278195488721804511278195488721804511278195488722,0.0287805388955572485213346341508580561048644330328987616042950,0.0818083192847691371750611392069174296275838663779848161594908
30,2026-08-18,258,0,10,258,0.0387596899224806201550387596899224806201550387596899224806202,0.0211874435626855038635038664317111286579286046473197799849975,0.0698655887877814581653311369287945825709819649134632000407193
30,2026-08-19,257,0,20,257,0.0778210116731517509727626459143968871595330739299610894941634,0.0509393945030764191185360679643722971232865796085602903675695,0.117137639795490837137795305971049829967943888087225222866245
30,2026-08-20,270,4,20,266,0.0751879699248120300751879699248120300751879699248120300751880,0.0491970302477695311003032194888121283653659859438013783686676,0.113274144538704482097136133756426454032689496001447324025564
30,2026-08-21,255,22,18,233,0.0772532188841201716738197424892703862660944206008583690987124,0.0494224076288453637139864682975953941037424994908111308165754,0.118797544313170627264328048073641056892015582598022789022622
30,2026-08-22,268,0,19,268,0.0708955223880597014925373134328358208955223880597014925373134,0.0458532679336597270892185345985557518044389830688601978026289,0.108065339633453998703133689129949781721906466379978602518309
30,2026-08-23,267,0,16,267,0.0599250936329588014981273408239700374531835205992509363295880,0.0372191559842595423835070614818171892467273559416765082491065,0.0951145678730703621150543208212069472066010708627144339587003
30,2026-08-24,271,0,25,271,0.0922509225092250922509225092250922509225092250922509225092251,0.0632668451123493439594954344600182306618896982505989532890968,0.132633216878735330991626920907087338245531356326042242553146
30,2026-08-25,278,0,19,278,0.0683453237410071942446043165467625899280575539568345323741007,0.0441873255719631691688272243102079572784195239700622853943594,0.104270105055066811288161639367181696445521514551216510768848
30,2026-08-26,272,0,14,272,0.0514705882352941176470588235294117647058823529411764705882353,0.0309042817448307146994708240790471944984251904733862804931644,0.0845296307526815019688275111040465521708615578557958642297888
30,2026-08-27,277,0,14,277,0.0505415162454873646209386281588447653429602888086642599277978,0.0303420481059507191908058205279758851444769142678133790812021,0.0830367206641673863838007758558974832583230775069020760302743
30,2026-08-28,275,0,13,275,0.0472727272727272727272727272727272727272727272727272727272727,0.0278315953908511457588318652112641150354932672594525595240934,0.0791878519571249695150036786568353277279008847152349995602178
30,2026-08-29,264,0,12,264,0.0454545454545454545454545454545454545454545454545454545454545,0.0261902539697325733718325355849116880021019416290611563221064,0.0777572788105922543492501006104033269095153584705367435988868
30,2026-08-30,273,0,16,273,0.0586080586080586080586080586080586080586080586080586080586081,0.0363938617214768546126431887167243536554153739834889606436052,0.0930717861383983395234043529736593759827494909942560002768222
30,2026-08-31,275,0,14,275,0.0509090909090909090909090909090909090909090909090909090909091,0.0305644684675133021298492519276306897629126277401787162481051,0.0836275134399168202502205446001627333798920129736679789078181
30,2026-09-01,269,0,17,269,0.0631970260223048327137546468401486988847583643122676579925651,0.0398279955208614181296490196424198789694541983602872447449779,0.0988659514484031192982141965971053156000098774729520832496645
30,2026-09-02,263,0,15,263,0.0570342205323193916349809885931558935361216730038022813688213,0.0348646616050468699512754851984372089080704710361900032791206,0.0919576806586195720756506115829376056745698732882935011361880
30,2026-09-03,272,0,14,272,0.0514705882352941176470588235294117647058823529411764705882353,0.0309042817448307146994708240790471944984251904733862804931644,0.0845296307526815019688275111040465521708615578557958642297888
30,2026-09-04,266,0,10,266,0.0375939849624060150375939849624060150375939849624060150375940,0.0205462824216365619631224883079208527387020433417950733077354,0.0678072972131979833756831793837990201370574635543605939001450
30,2026-09-05,275,0,19,275,0.0690909090909090909090909090909090909090909090909090909090909,0.0446742552796650202710823482766190656786175531776441558965460,0.105380399425035137640158711549644259361239531231998219617437
30,2026-09-06,270,0,17,270,0.0629629629629629629629629629629629629629629629629629629629630,0.0396790886517153536953161225818045801260215167259641055669469,0.0985083829738720287621084033862313374453855026056659257369575
30,2026-09-07,272,0,31,272,0.113970588235294117647058823529411764705882352941176470588235,0.0814625302847210442841325874676368641839637203566928846508069,0.157230591127072256946779914124370048933045366320062239905831
30,2026-09-08,264,0,24,264,0.0909090909090909090909090909090909090909090909090909090909091,0.0618516407457934678901186971986060986912600797578946936465102,0.131701138756498877058855675377177414729195490331743416282384
30,2026-09-09,244,0,22,244,0.0901639344262295081967213114754098360655737704918032786885246,0.0602966824023408295604694620097672954278462123773980506945086,0.132735827365550700224787707647326316276842152238744395388684
30,2026-09-10,266,0,13,266,0.0488721804511278195488721804511278195488721804511278195488722,0.0287805388955572485213346341508580561048644330328987616042950,0.0818083192847691371750611392069174296275838663779848161594908
30,2026-09-11,277,0,17,277,0.0613718411552346570397111913357400722021660649819494584837545,0.0386671263092526110406005048991324988524565565525954534082340,0.0960760094784530100623288241019969329623241583118858943511588
30,2026-09-12,248,0,16,248,0.0645161290322580645161290322580645161290322580645161290322581,0.0400986672302772441535118739945209292809179093789859488018817,0.102218880438522186692907084678138650507111590968884403044367
60,2026-08-16,254,0,42,254,0.165354330708661417322834645669291338582677165354330708661417,0.124721668534797687227605829218377120579218778147296640016226,0.215958450257813053539144173293280478721413218593960948163296
60,2026-08-17,270,1,28,269,0.104089219330855018587360594795539033457249070631970260223048,0.0730021884129568577254715830739760494492469332539913666313403,0.146324665648546744283612949092061680096692846118263854061674
60,2026-08-18,260,0,23,260,0.0884615384615384615384615384615384615384615384615384615384615,0.0596692045202183876794966339011941827619345222477002263017589,0.129237645235210811252343436098217484268156535314449715233064
60,2026-08-19,260,0,32,260,0.123076923076923076923076923076923076923076923076923076923077,0.0885456565390448008706952170943348973333738094070518619177259,0.168583981554712783197719052624752423871756318079777056497344
60,2026-08-20,271,4,32,267,0.119850187265917602996254681647940074906367041198501872659176,0.0861878710060359755640465632896370938000858935236789350184825,0.164296154283487303641093694614677373008533981545646006548260
60,2026-08-21,257,22,36,235,0.153191489361702127659574468085106382978723404255319148936170,0.112752552432964901863683687420083462704686092551618712106735,0.204786367297175914571108789180031524080991095924633067177673
60,2026-08-22,271,0,34,271,0.125461254612546125461254612546125461254612546125461254612546,0.0911870569576692518409336369062914433315236553228010457774731,0.170205307676675494833626716666208242135473964944430459905673
60,2026-08-23,268,0,27,268,0.100746268656716417910447761194029850746268656716417910447761,0.0701656795238559407317782945657632883341492206319173052492286,0.142610764038589004135888557077280990686015675811784882875469
60,2026-08-24,272,0,37,272,0.136029411764705882352941176470588235294117647058823529411765,0.100325769011975152242117971201194595309914723927810712155463,0.181870602604858531775599530299840494200408129224558405283655
60,2026-08-25,276,0,35,276,0.126811594202898550724637681159420289855072463768115942028986,0.0926118146229049885329356864369840702672914859740422255254259,0.171257088619224583150632204062611363520803436841641993502790
60,2026-08-26,274,0,31,274,0.113138686131386861313868613138686131386861313868613138686131,0.0808590780400726180779854216408396154743437705769404547335027,0.156115846797135069050499137684068395184431768570401440378169
60,2026-08-27,271,0,32,271,0.118081180811808118081180811808118081180811808118081180811808,0.0848961234258257895629832420235943690928849545794523049643139,0.161942396176683385617479778614373290471984539978759131865298
60,2026-08-28,275,0,28,275,0.101818181818181818181818181818181818181818181818181818181818,0.0713875930771780659332981255459785984951402109653714283316593,0.143219872662608155934051208217530549959411272096703171826831
60,2026-08-29,268,0,30,268,0.111940298507462686567164179104477611940298507462686567164179,0.0795445954980049592479209087329351312131396565005112918677203,0.155303536562689192772988928378061177367207532566264666683390
60,2026-08-30,276,0,31,276,0.112318840579710144927536231884057971014492753623188405797101,0.0802645043609392800420917316152475083006301900597918493607018,0.155016783473117653648605009000837068547196574418637387882200
60,2026-08-31,272,0,34,272,0.125,0.0908464239677603448754728737040170499003687681382872276016455,0.169598322546553147748842127842503951413297201776274893396232
60,2026-09-01,269,0,33,269,0.122676579925650557620817843866171003717472118959107806691450,0.0887010148416979053268693659018643854972734909210358269241992,0.167277160625368907855497582594406314492518880968953890449895
60,2026-09-02,261,0,29,261,0.111111111111111111111111111111111111111111111111111111111111,0.0784845542175647800926761302442224157922292113994731738125606,0.155019139260285714235323346133484304272696760250708908367887
60,2026-09-03,269,0,25,269,0.0929368029739776951672862453531598513011152416356877323420074,0.0637432732904841977443596333308705094814130171159074344223250,0.133592787927681477560755449037027437798215206745707088262044
60,2026-09-04,271,0,31,271,0.114391143911439114391143911439114391143911439114391143911439,0.0817676482787744546140320322409058978888034338530594205129950,0.157793948807816934819382321929795748725001997850641981889849
60,2026-09-05,278,0,37,278,0.133093525179856115107913669064748201438848920863309352517986,0.0981242088386909957418434860942322402912402194026309543406678,0.178064607194284487646597048031548965374109663340456022398058
60,2026-09-06,273,0,32,273,0.117216117216117216117216117216117216117216117216117216117216,0.0842646686296524318473095438584164726608695300381338429018020,0.160790602750903234436648697690505516942352282328458260137076
60,2026-09-07,273,0,46,273,0.168498168498168498168498168498168498168498168498168498168498,0.128766605677986557079465229880060218472859825069222353600741,0.217429586283164522333914874045082748599786816262610998791779
60,2026-09-08,266,0,38,266,0.142857142857142857142857142857142857142857142857142857142857,0.105881564752185681662290315164396063412831011513628120571041,0.190001281307239373680689672077176196125357225519988045158623
60,2026-09-09,240,0,29,240,0.120833333333333333333333333333333333333333333333333333333333,0.0854634783498129146154981126341158805385211010471718556554428,0.168149910939202517761803560771078252951122812732307983482611
60,2026-09-10,266,0,28,266,0.105263157894736842105263157894736842105263157894736842105263,0.0738371985049023949997257753299837949912191325237614218687677,0.147928052402883192484620526358069755024673129460761708674544
60,2026-09-11,278,0,33,278,0.118705035971223021582733812949640287769784172661870503597122,0.0857853072968674393330721014407439279520996754795001604136861,0.162018756423675710070601394807616932837381575214296109530480
60,2026-09-12,248,0,31,248,0.125,0.0894760438160848399617669317902508756473661057908659385679265,0.171964066676492447711538282622317095836770408397577975521900
90,2026-08-16,258,0,52,258,0.201550387596899224806201550387596899224806201550387596899225,0.157142313840453820597139946288861088292046080621057454357754,0.254715530621613037186223879414995548385484287918272709188300
90,2026-08-17,273,1,46,272,0.169117647058823529411764705882352941176470588235294117647059,0.129249590103474564133501510147989415556042262064301851940947,0.218201656820919694064423491216587938544251240801488254821887
90,2026-08-18,258,0,35,258,0.135658914728682170542635658914728682170542635658914728682171,0.0991852408428413159267956802463134390289392872045986109101320,0.182823036812149393574973145937615442109864019843414835496738
90,2026-08-19,253,0,41,253,0.162055335968379446640316205533596837944664031620553359683794,0.121760651635694564353851862559750568738910753783449336488014,0.212458984146010247015419255607810169115343295930465020136106
90,2026-08-20,270,4,41,266,0.154135338345864661654135338345864661654135338345864661654135,0.115696670093611914645958951294790422583895795910614985893312,0.202421454511304981054611141612837449810981233637729090392256
90,2026-08-21,253,21,47,232,0.202586206896551724137931034482758620689655172413793103448276,0.155906177453441959274048757324766855786278863216211881292825,0.258954972532410047019173154639150240018499198982299424282627
90,2026-08-22,269,0,41,269,0.152416356877323420074349442379182156133828996282527881040892,0.114382158026557790039278825839481742068382091666558372935710,0.200238131689410161020339988785161710631574428251806539128110
90,2026-08-23,268,0,37,268,0.138059701492537313432835820895522388059701492537313432835821,0.101849229097511249457070407240798476998816079185965854767335,0.184499509459097719254739729295419233888623126001315568112065
90,2026-08-24,268,0,48,268,0.179104477611940298507462686567164179104477611940298507462687,0.137832748570839657755871406346654093690200997784996727296638,0.229445514479349737184496343572054392251239947020221853812934
90,2026-08-25,269,0,49,269,0.182156133828996282527881040892193308550185873605947955390335,0.140614717769733434011328289985655606215428039375474543732523,0.232647686195135654925542390767360599194692628571265563021025
90,2026-08-26,275,0,47,275,0.170909090909090909090909090909090909090909090909090909090909,0.131028027483331308378255130371473208087231262613489333710994,0.219857594886081048507545003926221567576119506492608851808122
90,2026-08-27,275,0,47,275,0.170909090909090909090909090909090909090909090909090909090909,0.131028027483331308378255130371473208087231262613489333710994,0.219857594886081048507545003926221567576119506492608851808122
90,2026-08-28,273,0,46,273,0.168498168498168498168498168498168498168498168498168498168498,0.128766605677986557079465229880060218472859825069222353600741,0.217429586283164522333914874045082748599786816262610998791779
90,2026-08-29,266,0,37,266,0.139097744360902255639097744360902255639097744360902255639098,0.102628453943885126446768175263345557384704423532290966240032,0.185842632600375982110348443422874831201254215996415895970998
90,2026-08-30,271,0,40,271,0.147601476014760147601476014760147601476014760147601476014760,0.110303966180593036148474934093292801640274536456516846928770,0.194749933549258425008377418282802961533107460937774865314978
90,2026-08-31,275,0,47,275,0.170909090909090909090909090909090909090909090909090909090909,0.131028027483331308378255130371473208087231262613489333710994,0.219857594886081048507545003926221567576119506492608851808122
90,2026-09-01,269,0,43,269,0.159851301115241635687732342007434944237918215613382899628253,0.120893520791252624446112524930972546432751538334304422307793,0.208387297486940611082819256225764094444746018591154288428461
90,2026-09-02,269,0,34,269,0.126394052044609665427509293680297397769516728624535315985130,0.0918760484122897878952484586915065058275188791785247393023923,0.171432391335889667521774973070810788251044011215011877407918
90,2026-09-03,272,0,47,272,0.172794117647058823529411764705882352941176470588235294117647,0.132502903772590745180908517261990400294692634301491514112494,0.222198884852643576814817317420758316537819829643567591464086
90,2026-09-04,268,0,46,268,0.171641791044776119402985074626865671641791044776119402985075,0.131218348366173104826155699474654803699348475953453920411902,0.221345455685183485345383393465418995868637607103048813746730
90,2026-09-05,277,0,50,277,0.180505415162454873646209386281588447653429602888086642599278,0.139682117250382823929023815852821717901163912189724549026973,0.230069055730785467985455571938124411445404756662181617859499
90,2026-09-06,274,0,47,274,0.171532846715328467153284671532846715328467153284671532846715,0.131515987546027547044960337825426565858190859539056809845871,0.220632533542167659007526552167419858286052522755856119965927
90,2026-09-07,272,0,55,272,0.202205882352941176470588235294117647058823529411764705882353,0.158773907879844558201632546617446248366775509991750987386595,0.253932214352110274176499954610673370323488642587460108699957
90,2026-09-08,266,0,53,266,0.199248120300751879699248120300751879699248120300751879699248,0.155679243687265493675096030403296547785618504723909088619076,0.251379995099618763455834485168553776036013694883346629890114
90,2026-09-09,242,0,45,242,0.185950413223140495867768595041322314049586776859504132231405,0.141976220493693112982745010459581544151747545449827127108306,0.239739130817893148346641757362226015061470556711437496234824
90,2026-09-10,267,0,43,267,0.161048689138576779026217228464419475655430711610486891385768,0.121816848011875531567448685185877796976273012676594047319600,0.209895509512280692748464549694323771951609733074873018806412
90,2026-09-11,280,0,51,280,0.182142857142857142857142857142857142857142857142857142857143,0.141338183938506295911254057277087864673597690947402979261368,0.231551172184608112473558300453743421529047262553182705499112
90,2026-09-12,243,0,51,243,0.209876543209876543209876543209876543209876543209876543209877,0.163390771853859585816351486135579449970449375054143389951954,0.265392380402494008822894038344622616516995579556200016552816
120,2026-08-16,257,0,59,257,0.229571984435797665369649805447470817120622568093385214007782,0.182362456421487790944774266480635963295097184468758323193676,0.284746795963308746472875784104726597376243990691214885744112
120,2026-08-17,268,1,54,267,0.202247191011235955056179775280898876404494382022471910112360,0.158447072314498726989824674155334948157799791784508190271262,0.254493617444290442436861537700753722889345824649101000414020
120,2026-08-18,258,0,39,258,0.151162790697674418604651162790697674418604651162790697674419,0.112592376036888916682576207399868823394081115963747342174289,0.199968740866825592414862030435807764930305029082222978853565
120,2026-08-19,258,0,57,258,0.220930232558139534883720930232558139534883720930232558139535,0.174606942444807822637310615484504045446095112768047620245520,0.275441951078163784640639974784037225213413803268728636576764
120,2026-08-20,269,4,58,265,0.218867924528301886792452830188679245283018867924528301886792,0.173296278195672166721657008980424927814750640062121024031337,0.272473728210308936315154266959570308453892829879658698161537
120,2026-08-21,255,22,53,233,0.227467811158798283261802575107296137339055793991416309012876,0.178318229236628192644787259317572280612216152272824252686395,0.285458084959493791386918038038504010131242103693073756550045
120,2026-08-22,266,0,50,266,0.187969924812030075187969924812030075187969924812030075187970,0.145585992419294715668168211000769115692648052543540341359219,0.239237967822097701105172198905025595272295354548987466594067
120,2026-08-23,270,0,49,270,0.181481481481481481481481481481481481481481481481481481481481,0.140082763996959727526976920859738862368078705831863704979356,0.231816579730163280026739259083066975861929799782714114445522
120,2026-08-24,272,0,65,272,0.238970588235294117647058823529411764705882352941176470588235,0.192148783418218985270475003791253795944395080651494593051702,0.293062755822136485085665830618579450068058682720406491172312
120,2026-08-25,274,0,59,274,0.215328467153284671532846715328467153284671532846715328467153,0.170771314621742629140967701769199762601888161996615957325184,0.267757403654693216104520936224600471656456102658975248511708
120,2026-08-26,270,0,54,270,0.2,0.156645852416145227698079783899705984319551464506931111296475,0.251770971326842721276931966976657654013363523339357300022307
120,2026-08-27,276,0,62,276,0.224637681159420289855072463768115942028985507246376811594203,0.179374373610742793932911475461443311763108131579454122594126,0.277460933635877084202536676751850406371796860012701223484946
120,2026-08-28,275,0,50,275,0.181818181818181818181818181818181818181818181818181818181818,0.140719628931310456162392842897827584835161064148634735890316,0.231683597116463922042110049378949131966421171174940857843636
120,2026-08-29,269,0,50,269,0.185873605947955390334572490706319702602230483271375464684015,0.143926856892797902574352479389607997463305880947580152440108,0.236665811353183828597174684629454802035585305502706853649656
120,2026-08-30,276,0,61,276,0.221014492753623188405797101449275362318840579710144927536232,0.176078942713995119979685992247108386030751158580568620234992,0.273609460680606598657544372495307617869086793427272980397752
120,2026-08-31,274,0,54,274,0.197080291970802919708029197080291970802919708029197080291971,0.154307060578230314367067031218533970928345341080009281727232,0.248229908869771931214670878441535509115790222591965975765870
120,2026-09-01,270,0,54,270,0.2,0.156645852416145227698079783899705984319551464506931111296475,0.251770971326842721276931966976657654013363523339357300022307
120,2026-09-02,267,0,49,267,0.183520599250936329588014981273408239700374531835205992509363,0.141690852304995892526811148064413359893563613173323638736574,0.234327868256232847304069165166272082917553425677493677149038
120,2026-09-03,274,0,66,274,0.240875912408759124087591240875912408759124087591240875912409,0.194050253395910754691392861651293732738378763396974490485128,0.294866913240332130083346796009729557419857682635679043033068
120,2026-09-04,273,0,55,273,0.201465201465201465201465201465201465201465201465201465201465,0.158178858126825736594120077145325232744958228471583943611587,0.253036497064708108402459795450245505558032945766475926222561
120,2026-09-05,277,0,53,277,0.191335740072202166064981949458483754512635379061371841155235,0.149360008879182054334092929657511651672595995757089908129452,0.241755531119573753108709190750690541085953396184582151404938
120,2026-09-06,274,0,58,274,0.211678832116788321167883211678832116788321167883211678832117,0.167467032585297734247224921552343668545895870582860915318725,0.263863335925451391065513570774710414869606653876007100849409
120,2026-09-07,274,0,67,274,0.244525547445255474452554744525547445255474452554744525547445,0.197396062325976863217899647960510150796060311652928151072898,0.298719454075952741489590155367259290205017874576448572114056
120,2026-09-08,267,0,65,267,0.243445692883895131086142322097378277153558052434456928838951,0.195844466657471191168376366529275022435986982631094478269544,0.298324555335950923369082822302700750730421504484656836975004
120,2026-09-09,245,0,54,245,0.220408163265306122448979591836734693877551020408163265306122,0.173040589643933773761924530375428115018816919981796520745560,0.276408064735169948099609003569265815932426373347009810865864
120,2026-09-10,268,0,54,268,0.201492537313432835820895522388059701492537313432835820895522,0.157842074375049703675930641185063260926148654162337132994247,0.253579565671638105570923079669549284135656875889028988968145
120,2026-09-11,277,0,62,277,0.223826714801444043321299638989169675090252707581227436823105,0.178710620925331900243058286285232876967332594898916160958097,0.276498020126186453784712031974737506027158966312053576520041
120,2026-09-12,245,0,57,245,0.232653061224489795918367346938775510204081632653061224489796,0.184120913607915789302701736888531288840746630680472565647276,0.289439478535606747659786532795811083090734182648532028813284
