t_sec,leader,x_bin,y_bin,N,U,L,resolved,loss_rate,wilson_95_low,wilson_95_high
120,Up,"[0,1)",<-2,77,0,59,77,0.766233766233766233766233766233766233766233766233766233766234,0.660461714721146985561441904289164614738220606757139781323525,0.846703799089504999403734276492334495714454612468537326117809
120,Up,"[0,1)","[-2,0)",256,1,131,255,0.513725490196078431372549019607843137254901960784313725490196,0.452632640520793668722052954138671628240154389727498825707177,0.574410940642334734841142976405663793300102804692401567030883
120,Up,"[0,1)","[0,2)",281,1,83,280,0.296428571428571428571428571428571428571428571428571428571429,0.245984179358479013117902345412424802427666029847299143119962,0.352383161079920102364505569089343549409982985315997306670458
120,Up,"[0,1)",>=2,59,0,10,59,0.169491525423728813559322033898305084745762711864406779661017,0.0947583934918105299700516146691756584116699422274194311870527,0.284632207364880093256593423543686148700477344510624409087725
120,Up,"[1,2)",<-2,53,0,37,53,0.698113207547169811320754716981132075471698113207547169811321,0.564631673311498862879577461658978768163475151141528626718170,0.804816972724210965258762238180231267938040869319347830001952
120,Up,"[1,2)","[-2,0)",171,0,65,171,0.380116959064327485380116959064327485380116959064327485380117,0.310751303953887497519999559802852029705435764522587687272550,0.454750538249071370711301892653130102551199750586019838365750
120,Up,"[1,2)","[0,2)",229,0,52,229,0.227074235807860262008733624454148471615720524017467248908297,0.177577987915543958889389123913556521378797472775767717249714,0.285576037002932276550426823955046145353241769464650335548786
120,Up,"[1,2)",>=2,60,0,12,60,0.2,0.118285053228974938783821952964411852962993472478367683334472,0.317818058056278974022744304672392755926588866986217128458452
120,Up,"[2,4)",<-2,82,0,40,82,0.487804878048780487804878048780487804878048780487804878048780,0.382608958606199191408258037947160771670605395946589986162919,0.594092276117949596726996975570374380990814084409847889829081
120,Up,"[2,4)","[-2,0)",243,0,75,243,0.308641975308641975308641975308641975308641975308641975308642,0.253917136317589224034319816248195343619507415697254572742835,0.369322815170643997961778295643001764063700958620205971973077
120,Up,"[2,4)","[0,2)",338,0,47,338,0.139053254437869822485207100591715976331360946745562130177515,0.106207070990771486065963058554200548955651015284177357443284,0.180011748570301241826690343380331508182157368348581951534994
120,Up,"[2,4)",>=2,107,0,11,107,0.102803738317757009345794392523364485981308411214953271028037,0.0583791720760193303625932534376934490317678009048991603850774,0.174759755322052039309708709051108976313080553212171833704283
120,Up,"[4,8)",<-2,131,1,53,130,0.407692307692307692307692307692307692307692307692307692307692,0.327047914469512543549996015081485049090845631389694929933137,0.493635450674074795043745515639864833206452729031191937755321
120,Up,"[4,8)","[-2,0)",250,0,35,250,0.14,0.102416257310274200207773724149774118252935787177039299189057,0.188479718326445893141618348968907700274160303611466059039831
120,Up,"[4,8)","[0,2)",329,0,22,329,0.0668693009118541033434650455927051671732522796352583586626140,0.0445708437555033706511472290795132442275375383521999641392716,0.0991656336358750870371795715522269535747830769646031712589522
120,Up,"[4,8)",>=2,180,2,9,178,0.0505617977528089887640449438202247191011235955056179775280899,0.0268257146973268838509700940395063815146846855961131346387875,0.0932869315734612765599761268210367227472706712117999053578055
120,Up,"[8,infinity)",<-2,168,0,22,168,0.130952380952380952380952380952380952380952380952380952380952,0.0880935233852054581571414340121934686463702021306093751322813,0.190311112777792389275047754668796461514257414285385443677523
120,Up,"[8,infinity)","[-2,0)",161,2,5,159,0.0314465408805031446540880503144654088050314465408805031446541,0.0135053861641959704468379757068839600995671186951453882554661,0.0714942135749285275595945885725964082076204355139638861685759
120,Up,"[8,infinity)","[0,2)",228,1,5,227,0.0220264317180616740088105726872246696035242290748898678414097,0.0094442079627880951332663766682539173610364997101925268868592,0.0505166798751520752785603335914199420257808467067882576699064
120,Up,"[8,infinity)",>=2,318,2,6,316,0.0189873417721518987341772151898734177215189873417721518987342,0.0087304056046500148688765522663783732633268369631315331412888,0.0407986919648273154950956769332765033359229762980655437081896
120,Down,"[0,1)",<-2,58,0,44,58,0.758620689655172413793103448275862068965517241379310344827586,0.634700197469865857850033408301071510343906669712968493514820,0.850411256433305050481740819569877047997650085787749431661706
120,Down,"[0,1)","[-2,0)",238,0,117,238,0.491596638655462184873949579831932773109243697478991596638655,0.428722604917066122884336090686808387338033037776311269062719,0.554737633788466676722969182469559183009236766828695913470083
120,Down,"[0,1)","[0,2)",277,0,79,277,0.285198555956678700361010830324909747292418772563176895306859,0.235248947021641652100484671793751357179389929028700549018679,0.341024440462872623254447797964003385149659063024275913464317
120,Down,"[0,1)",>=2,57,0,8,57,0.140350877192982456140350877192982456140350877192982456140351,0.0728727614323860341931151280273687903863829060355719304316817,0.253244646093440920956301074341409572167841911771009033779978
120,Down,"[1,2)",<-2,65,0,40,65,0.615384615384615384615384615384615384615384615384615384615385,0.493842028060130924887412063106235296147346917410311987303720,0.724049926249979026666367472164136745211752099684758995284450
120,Down,"[1,2)","[-2,0)",202,0,72,202,0.356435643564356435643564356435643564356435643564356435643564,0.293631351312151954023210022640513085000907061969462701319506,0.424598395346789761822314498921482729858259866866305140140802
120,Down,"[1,2)","[0,2)",235,2,43,233,0.184549356223175965665236051502145922746781115879828326180258,0.139996203282789372098036143507761105491529215805689235865552,0.239335435983588042489843216424075231038300419052476176400248
120,Down,"[1,2)",>=2,65,1,3,64,0.046875,0.0160690167862929771591112214699609051214353150819542144006341,0.128996537400936857563755033183934947173221712413265962107197
120,Down,"[2,4)",<-2,100,2,65,98,0.663265306122448979591836734693877551020408163265306122448980,0.565115225912832389515905514277999453102565348306827227065207,0.749098654863761696972555773089364911405560705217347697325655
120,Down,"[2,4)","[-2,0)",281,0,82,281,0.291814946619217081850533807829181494661921708185053380782918,0.241755316670382878637421825950056557323410058407915407687752,0.347489870865148067210682300416082573069320911553794538584570
120,Down,"[2,4)","[0,2)",325,0,46,325,0.141538461538461538461538461538461538461538461538461538461538,0.107819005830807738325665890240505898424202482151591498776976,0.183632866340070684838346051331893027476681817331516735030674
120,Down,"[2,4)",>=2,127,0,12,127,0.0944881889763779527559055118110236220472440944881889763779528,0.0548791986464899442297591361197254095958479360341447207359158,0.157908545174436247236322177465368237502722678624360376919302
120,Down,"[4,8)",<-2,141,1,51,140,0.364285714285714285714285714285714285714285714285714285714286,0.289184007941304480896889211462836743325493984407241262272584,0.446636246444679045345568232789522060521093155622713777289688
120,Down,"[4,8)","[-2,0)",248,0,38,248,0.153225806451612903225806451612903225806451612903225806451613,0.113714847199548651877001738313012074469143376574627756300220,0.203315792610791635648850395444846479806509744072750486836608
120,Down,"[4,8)","[0,2)",344,1,25,343,0.0728862973760932944606413994169096209912536443148688046647230,0.0498536106378384920072575168945795962944945800618329926255539,0.105380019746954771577883175279729599397636910249903184109262
120,Down,"[4,8)",>=2,165,1,12,164,0.0731707317073170731707317073170731707317073170731707317073171,0.0423492978013665615913406033339711683581935396868606739015715,0.123530211446925277790438616499951842632669090553281404169311
120,Down,"[8,infinity)",<-2,177,4,29,173,0.167630057803468208092485549132947976878612716763005780346821,0.119324433078496639216792724233097007172974805832034592095385,0.230375570716413185581641096861353425248609855888935146160063
120,Down,"[8,infinity)","[-2,0)",161,1,9,160,0.05625,0.0298723017557641515214156554547567496729583589949212014060749,0.103436196458946704707986857894313046580646965573633743387612
120,Down,"[8,infinity)","[0,2)",239,2,6,237,0.0253164556962025316455696202531645569620253164556962025316456,0.0116532597116095152317473409780733740473895378886427074060373,0.0541222047713890379594922422619365801491151668425600459841965
120,Down,"[8,infinity)",>=2,272,2,8,270,0.0296296296296296296296296296296296296296296296296296296296296,0.0150887338744319822780197883234363863481788455474567999313631,0.0573672737225985056210727099641954910379965057670941659635169
90,Up,"[0,1)",<-2,54,0,45,54,0.833333333333333333333333333333333333333333333333333333333333,0.712634857702708427104029894828527666779507195272782951104674,0.909756083570027315870951506745540761416135191818436756605164
90,Up,"[0,1)","[-2,0)",233,0,118,233,0.506437768240343347639484978540772532188841201716738197424893,0.442660570299434443178178563342910437389307640444675434882004,0.570006130940027242238395327270725555742736652721484454663594
90,Up,"[0,1)","[0,2)",242,0,61,242,0.252066115702479338842975206611570247933884297520661157024793,0.201525988486038562929902330025376029737263432349194598264388,0.310354552023108485488034591939208885431066648304435367532818
90,Up,"[0,1)",>=2,65,1,12,64,0.1875,0.110646431729488053404297482029940163006703246192443680638583,0.299743605641015280887334417731367321334439531390466785918541
90,Up,"[1,2)",<-2,69,1,56,68,0.823529411764705882352941176470588235294117647058823529411765,0.716395595922566550655852335677047891744775698568833399758076,0.896064127505623104986285696890260709790379612263369887673000
90,Up,"[1,2)","[-2,0)",174,0,54,174,0.310344827586206896551724137931034482758620689655172413793103,0.246324286008089289399111132848272379118932896280801966337422,0.382558650301247501301359062792825706846364509318006605920614
90,Up,"[1,2)","[0,2)",190,0,29,190,0.152631578947368421052631578947368421052631578947368421052632,0.108422579241920913491040577491761334997197679934243401479496,0.210608546487989529326837444027286949800449797015375369569198
90,Up,"[1,2)",>=2,52,0,1,52,0.0192307692307692307692307692307692307692307692307692307692308,0.0034028080709451573707650711875121422990659645141117025308018,0.101205111278922465937668607090375054437645865593848316814214
90,Up,"[2,4)",<-2,95,0,56,95,0.589473684210526315789473684210526315789473684210526315789474,0.488954190988169748973390592588231245969668077907148685233141,0.683038414167924563181616042118844988866829326501865800835165
90,Up,"[2,4)","[-2,0)",237,0,43,237,0.181434599156118143459915611814345991561181434599156118143460,0.137580370935015790813308314432332742857528559804299950413746,0.235451163006907682661701361430962826403236819815307230750368
90,Up,"[2,4)","[0,2)",315,0,27,315,0.0857142857142857142857142857142857142857142857142857142857143,0.0595753391770406776985356996698240493253879727453531727466040,0.121836008753161352597357305794395636198640254915837487635515
90,Up,"[2,4)",>=2,125,0,10,125,0.08,0.0440330323275828292694279105991043096500727760464807920360067,0.141011898387411388894379199560502634034666760195157126741303
90,Up,"[4,8)",<-2,113,0,37,113,0.327433628318584070796460176991150442477876106194690265486726,0.247828188304555563284340776418418367487137971923517832966468,0.418386181204047333175866537787075339019071582201712975615370
90,Up,"[4,8)","[-2,0)",275,2,27,273,0.0989010989010989010989010989010989010989010989010989010989011,0.0688633403028008096402927500663786773418241682204383139555291,0.140070173727542209097443397776750106022317348087139057171333
90,Up,"[4,8)","[0,2)",300,0,12,300,0.04,0.0230273214879423095287656418918679834905702416709730127720698,0.0686042120386400431727441889232752100665789405079374232278130
90,Up,"[4,8)",>=2,184,0,3,184,0.0163043478260869565217391304347826086956521739130434782608696,0.0055601790562595682422560952990620105373767601949336828942706,0.0468321888612425227420960304249177053473579286025584968522616
90,Up,"[8,infinity)",<-2,197,1,22,196,0.112244897959183673469387755102040816326530612244897959183673,0.0753025338733350351361210396423842186014285707726043285512186,0.164094531695623933187806198703646506806543195439276733138497
90,Up,"[8,infinity)","[-2,0)",174,2,1,172,0.00581395348837209302325581395348837209302325581395348837209302,0.0010270438601417488899981208677005110296811354840659097961824,0.0321929877516903155245856284074546118499091705482457563552402
90,Up,"[8,infinity)","[0,2)",246,2,2,244,0.00819672131147540983606557377049180327868852459016393442622951,0.0022507222222029461441760335079435542554077155282971871731623,0.0293882894992668895981325700805687797902183220110737481266683
90,Up,"[8,infinity)",>=2,344,1,2,343,0.00583090379008746355685131195335276967930029154518950437317784,0.00160050325428159384380577338497490575029734672281384120736845,0.0210076902625952537854184404276217404600527393375225544004900
90,Down,"[0,1)",<-2,61,0,53,61,0.868852459016393442622950819672131147540983606557377049180328,0.761981198070065396020935209040609081897203604900535524765081,0.932019227250998916985824216171436038528672578721638851629231
90,Down,"[0,1)","[-2,0)",248,1,132,247,0.534412955465587044534412955465587044534412955465587044534413,0.472154962627682624404825708745372168488226165622653578832685,0.595616928350482584759677831680183833021021724288454138557317
90,Down,"[0,1)","[0,2)",250,1,63,249,0.253012048192771084337349397590361445783132530120481927710843,0.203047342467029106527890141323968181964978868981899441197944,0.310481805111465598178160141327907454385379782833760826314636
90,Down,"[0,1)",>=2,63,1,3,62,0.0483870967741935483870967741935483870967741935483870967741935,0.0165916858505807189660851895339935451466141943030451462009802,0.132880379273239584817823453486118915198214671006581720144103
90,Down,"[1,2)",<-2,50,0,34,50,0.68,0.541897026918559303028512727549587597736534350246404552195545,0.792417837393431559983316341088026522768457287304124927384659
90,Down,"[1,2)","[-2,0)",166,1,62,165,0.375757575757575757575757575757575757575757575757575757575758,0.305476485692471037916501735598456154543720443289344412366877,0.451692160643728364757497213643851085030146993981426952938061
90,Down,"[1,2)","[0,2)",258,1,31,257,0.120622568093385214007782101167315175097276264591439688715953,0.0862927019516721792672582935120793542251579161793731265647106,0.166126752832754617829445014863069561824565315160157634175353
90,Down,"[1,2)",>=2,60,0,5,60,0.0833333333333333333333333333333333333333333333333333333333333,0.0361204566017307648335822307374056124152846934136106162433557,0.180689420183344114064426460424823011042468555842757177913484
90,Down,"[2,4)",<-2,97,1,54,96,0.5625,0.462758826275540729351464228050338633988581750984674226356300,0.657431725242249810973158699622909939488806191616044390743078
90,Down,"[2,4)","[-2,0)",256,0,53,256,0.20703125,0.161907277285564769064675799951852225626525500790938962161972,0.260817638588969271115031363613287846691439984565392727315146
90,Down,"[2,4)","[0,2)",329,0,30,329,0.0911854103343465045592705167173252279635258358662613981762918,0.0646194285195956361128326699761596763825728788956077991553185,0.127187983474372101143868766409588089262424473806918668992478
90,Down,"[2,4)",>=2,101,0,3,101,0.0297029702970297029702970297029702970297029702970297029702970,0.0101524806505855342769736443613366718373708886044057021614161,0.0837174342799721591697023425947863258666637321591629420486015
90,Down,"[4,8)",<-2,133,1,49,132,0.371212121212121212121212121212121212121212121212121212121212,0.293527815228606205765210058353027926791782562945636112210105,0.456180408643762642135059585519490497796078557366454758392337
90,Down,"[4,8)","[-2,0)",240,0,28,240,0.116666666666666666666666666666666666666666666666666666666667,0.0819625898410071690446877983752167975462049022490067311224366,0.163448748780854586765331475836627820926841691901676183170981
90,Down,"[4,8)","[0,2)",375,0,8,375,0.0213333333333333333333333333333333333333333333333333333333333,0.0108487094236157842057559484295219589930791983704027671132079,0.0415253334872608171450606443745542455211782366903262127033415
90,Down,"[4,8)",>=2,179,1,4,178,0.0224719101123595505617977528089887640449438202247191011235955,0.0087727741610623956807077018489728503519869414750401042578943,0.0563469125016500247559226578153541979263406251333675007384859
90,Down,"[8,infinity)",<-2,171,3,25,168,0.148809523809523809523809523809523809523809523809523809523810,0.102871852858841003584937470536532851051686521283338573254611,0.210448688005947270584403854176022082488265565306075851096655
90,Down,"[8,infinity)","[-2,0)",200,1,2,199,0.0100502512562814070351758793969849246231155778894472361809045,0.0027604822106993072745555154768495117389695153832021417734899,0.0358975853573600590548110618903772370279773852443343877982225
90,Down,"[8,infinity)","[0,2)",260,2,7,258,0.0271317829457364341085271317829457364341085271317829457364341,0.0132035212523351714709933238541142239337875729505708353639438,0.0549348816615889408610896207675807069059358681117444886960346
90,Down,"[8,infinity)",>=2,292,2,2,290,0.00689655172413793103448275862068965517241379310344827586206897,0.0018933251332506322799406551680913419554215874746385859261878,0.0247926940968644927014775886422467255877480871910043527938478
60,Up,"[0,1)",<-2,65,0,62,65,0.953846153846153846153846153846153846153846153846153846153846,0.872861527366611713569734505198131997447136215885483765442779,0.984180159586487429208465000198664698565319918021795432737341
60,Up,"[0,1)","[-2,0)",230,0,103,230,0.447826086956521739130434782608695652173913043478260869565217,0.384942126664717614646732446924945760970529169409338718220419,0.512424233770098118593003741386781966585624455222398491766195
60,Up,"[0,1)","[0,2)",241,1,35,240,0.145833333333333333333333333333333333333333333333333333333333,0.106763845283819519251580713820857549094639716808349190862319,0.196061848008117972529415354744433674494588114743912197343555
60,Up,"[0,1)",>=2,40,0,1,40,0.025,0.0044268315026814024331593102211685406100739576634491517407483,0.128813689634740900470668942621064723090364463171793286366078
60,Up,"[1,2)",<-2,46,1,35,45,0.777777777777777777777777777777777777777777777777777777777778,0.637307078252437099194886127006377545127740733652211479456019,0.874553144673736034402433622112378541949944703225543608701249
60,Up,"[1,2)","[-2,0)",174,0,48,174,0.275862068965517241379310344827586206896551724137931034482759,0.214837045796024369502692495818650541338266472045899621193835,0.346570060751373655870590462666283560257085007298146873292937
60,Up,"[1,2)","[0,2)",187,0,11,187,0.0588235294117647058823529411764705882352941176470588235294118,0.0331601948481803574364792502937917267476704678420022642213433,0.102247797630925420117996587725553762647116736487889331697448
60,Up,"[1,2)",>=2,42,0,3,42,0.0714285714285714285714285714285714285714285714285714285714286,0.0245904098733059343140335307644074611418046004987065930671413,0.190094268011583136184900067500718349276258564112729957498251
60,Up,"[2,4)",<-2,85,1,52,84,0.619047619047619047619047619047619047619047619047619047619048,0.512154414260923186363442150404715586600634239875621662071851,0.715528507545110175502629865921860227781149222291575533820539
60,Up,"[2,4)","[-2,0)",226,0,25,226,0.110619469026548672566371681415929203539823008849557522123894,0.0760582315987001483805948481105426498922773251502222320840026,0.158196541656534809549040261632632810444389177952012270910721
60,Up,"[2,4)","[0,2)",319,0,14,319,0.0438871473354231974921630094043887147335423197492163009404389,0.0263199214350932875361257656451583562098423798291072064146684,0.0723088573376443381778165175579618888401115488859555530647328
60,Up,"[2,4)",>=2,100,0,1,100,0.01,0.0017674320641406482060589365385531435749750717224345878716785,0.0544861961787053143796015954749528360479052889104072586302831
60,Up,"[4,8)",<-2,123,0,38,123,0.308943089430894308943089430894308943089430894308943089430894,0.234110768941689648206460505369521862626641641768546023456761,0.395347923531721325750524607082318333589152198522861686051571
60,Up,"[4,8)","[-2,0)",258,1,5,257,0.0194552529182879377431906614785992217898832684824902723735409,0.0083380489366706551501118337825712817947644667094201488815677,0.0447265937902699545057123568259506785348849596539854813891799
60,Up,"[4,8)","[0,2)",322,0,4,322,0.0124223602484472049689440993788819875776397515527950310559006,0.0048411295085742257679455529147720357964485741467779917697401,0.0315000373384914502848972519051677734663617909609719760707153
60,Up,"[4,8)",>=2,194,1,2,193,0.0103626943005181347150259067357512953367875647668393782383420,0.0028464399244945735483209104578893746034442530031141127846537,0.0369899790274551221241172903314137433882549492798813881641057
60,Up,"[8,infinity)",<-2,204,0,6,204,0.0294117647058823529411764705882352941176470588235294117647059,0.0135479462672958570323746585183494842716010101656813795176174,0.0626710088467588007092084040615508286206640058507980130577232
60,Up,"[8,infinity)","[-2,0)",220,4,1,216,0.00462962962962962962962962962962962962962962962962962962962963,0.0008177113226299474232257455672087778055082362550473307044855,0.0257535225657809886431141004972109951540567950948065795961555
60,Up,"[8,infinity)","[0,2)",306,1,0,305,0,0,0.0124382873833152790456539067517257593645937123922242031881662
60,Up,"[8,infinity)",>=2,335,1,0,334,0,1E-62,0.0113705962379618415703148773504822465017963519041878814749056
60,Down,"[0,1)",<-2,54,0,44,54,0.814814814814814814814814814814814814814814814814814814814815,0.691640522178475136550085898546918362051881458799519457067983,0.896173144579108620704063202939701820132891906786632489102421
60,Down,"[0,1)","[-2,0)",221,0,116,221,0.524886877828054298642533936651583710407239819004524886877828,0.459186140081003958755215886980246420135862450433269847245878,0.589737221552102354453004637684571986454405188694560848054674
60,Down,"[0,1)","[0,2)",218,1,22,217,0.101382488479262672811059907834101382488479262672811059907834,0.0679083679718218203142789565089012781919153816188090889917159,0.148724229350122255611461121892924624819423506898738378996218
60,Down,"[0,1)",>=2,51,0,5,51,0.0980392156862745098039215686274509803921568627450980392156863,0.0426080731076186094292523908564955350037600899157855371876451,0.209782346810808617522322951673054742045206400826438578293077
60,Down,"[1,2)",<-2,54,0,45,54,0.833333333333333333333333333333333333333333333333333333333333,0.712634857702708427104029894828527666779507195272782951104674,0.909756083570027315870951506745540761416135191818436756605164
60,Down,"[1,2)","[-2,0)",173,1,49,172,0.284883720930232558139534883720930232558139534883720930232558,0.222704999425122215664058323632460796137518832662767971289473,0.356461367276498800610525190757900845586538124080708871623501
60,Down,"[1,2)","[0,2)",210,0,12,210,0.0571428571428571428571428571428571428571428571428571428571429,0.0329868538188606021046251944245025566043522517340204301467599,0.0972098768536474064846846865213548001076875986951945287174223
60,Down,"[1,2)",>=2,49,0,2,49,0.0408163265306122448979591836734693877551020408163265306122449,0.0112656333661857973558470352382384519359687055652771473618401,0.137130323060800668773194931667153682444424429453094676303776
60,Down,"[2,4)",<-2,86,0,56,86,0.651162790697674418604651162790697674418604651162790697674419,0.545935520021618252094577170105709116708326928886743699100130,0.743463164519901541627850467775912872850017494477804415204654
60,Down,"[2,4)","[-2,0)",241,1,25,240,0.104166666666666666666666666666666666666666666666666666666667,0.0715570126508621857641583510360691581195814537192265949479244,0.149248173969538540344013725595726915303673181545065544811584
60,Down,"[2,4)","[0,2)",358,0,15,358,0.0418994413407821229050279329608938547486033519553072625698324,0.0255534759484296238926095666872838924759035151029091946336212,0.0679721773335062753557440249711571329032035509238732730607306
60,Down,"[2,4)",>=2,117,3,1,114,0.00877192982456140350877192982456140350877192982456140350877193,0.0015501429397783647362365093809366074552350069672289146046191,0.0480203467601362049162199183215150474866052962730471755068133
60,Down,"[4,8)",<-2,124,0,42,124,0.338709677419354838709677419354838709677419354838709677419355,0.261373863149402186762287917324924252612821638622880735058148,0.425738593412106746408993122905914385745241019793344797750098
60,Down,"[4,8)","[-2,0)",253,1,5,252,0.0198412698412698412698412698412698412698412698412698412698413,0.0085040558590547824022856810853756953343840206000517503951094,0.0455976479245953818548685022336709407208091042041693968040468
60,Down,"[4,8)","[0,2)",393,1,3,392,0.00765306122448979591836734693877551020408163265306122448979592,0.00260607646297477040225944173014816482548506582598148836245317,0.0222560459888122963355466906628467116474716550068343463134204
60,Down,"[4,8)",>=2,161,1,0,160,0,0,0.0234461951715051901176366347595152633843440276828788110351402
60,Down,"[8,infinity)",<-2,234,1,15,233,0.0643776824034334763948497854077253218884120171673819742489270,0.0393983506888684162253143151980188141437577468367998296524500,0.103488198774224203919852419945945650587911748919714311095556
60,Down,"[8,infinity)","[-2,0)",225,3,1,222,0.00450450450450450450450450450450450450450450450450450450450450,0.0007955986955411777609649347353592881809897544287666763157643,0.0250697089906437873345231853926283012178444314881657622528529
60,Down,"[8,infinity)","[0,2)",275,1,0,274,0,0,0.0138260821009193692132300436557773345306815930489230153801809
60,Down,"[8,infinity)",>=2,273,2,0,271,0,0,0.0139769990931400312749056936854552451308194832138903351730660
30,Up,"[0,1)",<-2,41,0,38,41,0.926829268292682926829268292682926829268292682926829268292683,0.805725514622809572052884858778468377658712763745147957238398,0.974802169366090060136591846356107086188883834221477413029326
30,Up,"[0,1)","[-2,0)",225,0,82,225,0.364444444444444444444444444444444444444444444444444444444444,0.304323178793364566446369936693639077353938339367330080659572,0.429116730590381364492373902787629419698736445059546952917962
30,Up,"[0,1)","[0,2)",230,1,9,229,0.0393013100436681222707423580786026200873362445414847161572052,0.0208120120288376540170029998506067559342068164212850465427780,0.0729919820335502314054063201515945455094754244805406265810874
30,Up,"[0,1)",>=2,47,1,0,46,0,0,0.0770735630855803739782707173457028486860107581201611900926340
30,Up,"[1,2)",<-2,51,0,40,51,0.784313725490196078431372549019607843137254901960784313725490,0.653736404140025472517141291927401661535806337367935108066997,0.875060615917672342565890782868770093722241754546101493178349
30,Up,"[1,2)","[-2,0)",141,1,21,140,0.15,0.100250553165832648297273874324074963999478702972076862860370,0.218443787092756445696432166116218793289088131842017712852864
30,Up,"[1,2)","[0,2)",191,0,2,191,0.0104712041884816753926701570680628272251308900523560209424084,0.0028762945798489946206197055060266386317557336350034470567180,0.0373690354857113805753879731491567297915327876986479229612126
30,Up,"[1,2)",>=2,58,0,1,58,0.0172413793103448275862068965517241379310344827586206896551724,0.0030500384460675060470640993933672155151442171401341170866748,0.0914085809346801317336240085808621422472831725918590892504830
30,Up,"[2,4)",<-2,74,0,33,74,0.445945945945945945945945945945945945945945945945945945945946,0.338158223284678459021559742057446341170250801780524204882338,0.559068779893309223378720655634795797729117809349115476196516
30,Up,"[2,4)","[-2,0)",246,0,3,246,0.0121951219512195121951219512195121951219512195121951219512195,0.0041559495953264715291782526666465943140114575091730408180526,0.0352348659528533431050631970848954843704391812222129314535126
30,Up,"[2,4)","[0,2)",311,0,0,311,0,1E-62,0.0122012483206091372512426986859317563594633993975987925369145
30,Up,"[2,4)",>=2,94,0,0,94,0,0,0.0392620762915447323564048012803787854219201205460401455101432
30,Up,"[4,8)",<-2,131,1,8,130,0.0615384615384615384615384615384615384615384615384615384615385,0.0315092851573330072301404914078576406317871587451651110316882,0.116736699274706851090131779518554300280380053254047510488486
30,Up,"[4,8)","[-2,0)",287,1,1,286,0.00349650349650349650349650349650349650349650349650349650349650,0.00061748559945453551918357757870030441239810055327311214384664,0.0195364939052782638152355363027224852049952765584843628512966
30,Up,"[4,8)","[0,2)",307,0,0,307,0,0,0.0123582575994472900316433668396150357438611862397862310848899
30,Up,"[4,8)",>=2,156,0,0,156,0,0,0.0240329314374149377257532448230617732617528518752598870345640
30,Up,"[8,infinity)",<-2,226,0,0,226,0,0,0.0167135156572903437050996295565775797504922142108238504364054
30,Up,"[8,infinity)","[-2,0)",243,2,0,241,0,0,0.0156895765904881260060938953061121208573975766771141807784930
30,Up,"[8,infinity)","[0,2)",331,1,0,330,0,0,0.0115068357125690859164416618757338229593628320068741801197166
30,Up,"[8,infinity)",>=2,336,3,0,333,0,0,0.0114043527603263126978094529144472059492301096294282537533020
30,Down,"[0,1)",<-2,41,0,40,41,0.975609756097560975609756097560975609756097560975609756097561,0.874049379442257706884271951083384234163301334620571095578894,0.995681468431087597555430663209428425552592017399382888433706
30,Down,"[0,1)","[-2,0)",192,0,88,192,0.458333333333333333333333333333333333333333333333333333333333,0.389362376922017273347067431007267491038679957327065576879704,0.528938885250212235677706685866344324567049787939146186939154
30,Down,"[0,1)","[0,2)",228,1,10,227,0.0440528634361233480176211453744493392070484581497797356828194,0.0241019272929106008950191911464284491505814081364227767601568,0.0791787352990415432305482237095738038128803001968261744068964
30,Down,"[0,1)",>=2,44,0,0,44,0,0,0.0802956037584806626166952308778981439265432201360044951705709
30,Down,"[1,2)",<-2,44,0,37,44,0.840909090909090909090909090909090909090909090909090909090909,0.706337949377593871451204339439266058192536193582545481403970,0.920733229877987494946503457689439752766638883597451453707004
30,Down,"[1,2)","[-2,0)",144,0,15,144,0.104166666666666666666666666666666666666666666666666666666667,0.0641480444947950723797802581862704222719814308634336637764391,0.164755668243442349440851916113087586030368375700562612893505
30,Down,"[1,2)","[0,2)",188,1,3,187,0.0160427807486631016042780748663101604278074866310160427807487,0.0054707365309429541687939722235296438284220525110038813369072,0.0460980309764397472697522500886008627197990625417862935800702
30,Down,"[1,2)",>=2,58,0,0,58,0,0,0.0621178557872029105585698261161661205396569393652786779920562
30,Down,"[2,4)",<-2,67,0,32,67,0.477611940298507462686567164179104477611940298507462686567164,0.362503865949596296746033610106287936930899045009624981404835,0.595148050739566469775542114356474876573263555515924632789235
30,Down,"[2,4)","[-2,0)",284,0,5,284,0.0176056338028169014084507042253521126760563380281690140845070,0.0075429281140617698607155446223252663156014801252048694589212,0.0405441642645118921376382107049543229649143776612207970791566
30,Down,"[2,4)","[0,2)",347,0,0,347,0,0,0.0109492727387654432362150077249873713151675188515389841612672
30,Down,"[2,4)",>=2,86,2,0,84,0,0,0.0437317284146598801624975314283815795965094588977717772519719
30,Down,"[4,8)",<-2,119,2,9,117,0.0769230769230769230769230769230769230769230769230769230769231,0.0409951707989056636782699993459841584787725741540591198317596,0.139749575531099503845637844678609342108474935342466505241332
30,Down,"[4,8)","[-2,0)",278,1,0,277,0,0,0.0136783893547096997757671775033450724802232840224746227545337
30,Down,"[4,8)","[0,2)",389,2,0,387,0,0,0.00982868816497910618612354226586982758568425310104591853983028
30,Down,"[4,8)",>=2,145,0,0,145,0,0,0.0258090645652824589620888631701967164365829546090600615913074
30,Down,"[8,infinity)",<-2,239,1,1,238,0.00420168067226890756302521008403361344537815126050420168067227,0.0007420852575231677170808925522046081167148107327154405170443,0.0234119983689120091139302236734820423722036609627083289180823
30,Down,"[8,infinity)","[-2,0)",222,1,0,221,0,0,0.0170851890075913437257512771886483766864410684317651216889147
30,Down,"[8,infinity)","[0,2)",328,0,0,328,0,0,0.0115761871176253579424049452893010655798498496138575094872949
30,Down,"[8,infinity)",>=2,302,5,0,297,0,0,0.0127690473106756546996753922806350641664957683663250861239392
15,Up,"[0,1)",<-2,50,0,46,50,0.92,0.811617530816571653584067163133974537482262540416539616747816,0.968450485911407026776867330353791743696051280534695835605992
15,Up,"[0,1)","[-2,0)",228,0,68,228,0.298245614035087719298245614035087719298245614035087719298246,0.242605018548984983438262448334225767903143243764534358541267,0.360572081578077807053332892553065472986770009939791633814749
15,Up,"[0,1)","[0,2)",240,0,7,240,0.0291666666666666666666666666666666666666666666666666666666667,0.0141987306725002599441856430446408199344712263181683767168037,0.0589695439391342879529032481068639831900316556277791158392425
15,Up,"[0,1)",>=2,43,1,0,42,0,1E-61,0.0837987908657039155820891979759801121544070253800093089929563
15,Up,"[1,2)",<-2,35,0,12,35,0.342857142857142857142857142857142857142857142857142857142857,0.208316949870489591461060097341272179963264597056094351490262,0.508480504860037390755973763816250042751831555925060929783634
15,Up,"[1,2)","[-2,0)",146,0,2,146,0.0136986301369863013698630136986301369863013698630136986301370,0.0037647324979477783603988675199159085654718302865240900974794,0.0485669711734473790394243752665001209919282461594524031212730
15,Up,"[1,2)","[0,2)",189,1,0,188,0,0,0.0200241326578139173855221992182628421418761324651039342189260
15,Up,"[1,2)",>=2,44,0,0,44,0,0,0.0802956037584806626166952308778981439265432201360044951705709
15,Up,"[2,4)",<-2,76,0,9,76,0.118421052631578947368421052631578947368421052631578947368421,0.0635681900417906676132691217759667744749890555236445300486984,0.209992177507919390845661722448755355753490962225728663163626
15,Up,"[2,4)","[-2,0)",257,0,1,257,0.00389105058365758754863813229571984435797665369649805447470817,0.0006871965081303865702880831507848873290699770977025896497258,0.0217074751330431173254008585705636951974911715770684051642036
15,Up,"[2,4)","[0,2)",289,0,0,289,0,0,0.0131178789921485734897001834379667160402700217382187701294359
15,Up,"[2,4)",>=2,78,1,0,77,0,0,0.0475184252824340770166203434103553291498538565761673835857880
15,Up,"[4,8)",<-2,113,1,1,112,0.00892857142857142857142857142857142857142857142857142857142857,0.0015778547032921350650467593796101952250810233761634620570155,0.0488484683088848870154667217108019441566570696618363243812991
15,Up,"[4,8)","[-2,0)",288,1,0,287,0,1E-62,0.0132080853818795220014717836547854462409633379207316211759028
15,Up,"[4,8)","[0,2)",350,0,0,350,0,0,0.0108564407164078210427618725634841060954873952669183934963861
15,Up,"[4,8)",>=2,143,0,0,143,0,0,0.0261605874222815509649036379186563092263582113481691599126038
15,Up,"[8,infinity)",<-2,213,0,0,213,0,0,0.0177155182481530044264425868760280958803821366732636792734621
15,Up,"[8,infinity)","[-2,0)",261,2,0,259,0,0,0.0146151175614753434966925135614189682936641766171543916525436
15,Up,"[8,infinity)","[0,2)",361,3,0,358,0,0,0.0106164142528446705210688591881764850174400293828906202273718
15,Up,"[8,infinity)",>=2,331,1,0,330,0,0,0.0115068357125690859164416618757338229593628320068741801197166
15,Down,"[0,1)",<-2,41,0,37,41,0.902439024390243902439024390243902439024390243902439024390244,0.774523186944766135590730504435768292112185292339736074031833,0.961402915101910660473633246119688573801262928600224989363449
15,Down,"[0,1)","[-2,0)",192,0,64,192,0.333333333333333333333333333333333333333333333333333333333333,0.270499506576472021263714725877233815726589205042164271175330,0.402705542112446014835381741617213446696329776022682784100102
15,Down,"[0,1)","[0,2)",209,0,2,209,0.00956937799043062200956937799043062200956937799043062200956938,0.0026282033471041052265925934586280747184637507357999388213200,0.0342135795655946521877205413713222834241559458551136804118578
15,Down,"[0,1)",>=2,33,0,0,33,0,0,0.104269997542452055904110156546589646564609266108543906361983
15,Down,"[1,2)",<-2,50,0,21,50,0.42,0.293750033547119824033233243166843371175215905411848603785569,0.557665582314217570183731615216439241933676700121249405289897
15,Down,"[1,2)","[-2,0)",157,0,2,157,0.0127388535031847133757961783439490445859872611464968152866242,0.0035004331777163855902366173533363774010021928644417056301570,0.0452522881553807880102080031698898120329605945417454244739094
15,Down,"[1,2)","[0,2)",187,0,1,187,0.00534759358288770053475935828877005347593582887700534759358289,0.0009446061174064451888227448620990791346899787201226437604453,0.0296643551470454872207410735232276817018896140133921759060783
15,Down,"[1,2)",>=2,52,1,0,51,0,0,0.0700466198985314286470815236343186373048119762891080460857752
15,Down,"[2,4)",<-2,75,1,8,74,0.108108108108108108108108108108108108108108108108108108108108,0.0558073286815146901159832397079622533776282732008207952518432,0.199088444358896007286049643560793253642794157489066892569859
15,Down,"[2,4)","[-2,0)",256,0,1,256,0.00390625,0.0006898821669617927774306763637961108447201356425499102738806,0.0217909753805825152602067872731744116137014195608384172407070
15,Down,"[2,4)","[0,2)",319,0,0,319,0,1E-62,0.0118989018161625518994762485972349078039013857735567707007865
15,Down,"[2,4)",>=2,100,0,0,100,0,0,0.0369934982069856761078168694015367139008983271763692311244506
15,Down,"[4,8)",<-2,101,1,0,100,0,0,0.0369934982069856761078168694015367139008983271763692311244506
15,Down,"[4,8)","[-2,0)",326,1,0,325,0,0,0.0116817959465042383189007768713718923510188726695715707617486
15,Down,"[4,8)","[0,2)",370,1,0,369,0,0,0.0103031965190908361452168835981540383373718225999234446830658
15,Down,"[4,8)",>=2,161,4,0,157,0,0,0.0238835114333088644135281400140294885041317491684403884074408
15,Down,"[8,infinity)",<-2,227,0,0,227,0,2E-62,0.0166411130839281966980860056633454658101729845007126179464780
15,Down,"[8,infinity)","[-2,0)",255,2,0,253,0,0,0.0149565371507094577568748122596074074685747051322826445959210
15,Down,"[8,infinity)","[0,2)",328,2,0,326,0,0,0.0116463795498260554034129286147749201619264418823036778378175
15,Down,"[8,infinity)",>=2,315,3,0,312,0,0,0.0121626173936682384333738107329222357213622650363606514344434
10,Up,"[0,1)",<-2,44,0,38,44,0.863636363636363636363636363636363636363636363636363636363636,0.732905469514845547096968461911316042248137190851284475339890,0.935970455024441243727253188359303489441649558140712255445146
10,Up,"[0,1)","[-2,0)",204,0,42,204,0.205882352941176470588235294117647058823529411764705882352941,0.156079247692798100178109232119881962440911284528979849629389,0.266557599253486060910380181992555733116754350481319770730199
10,Up,"[0,1)","[0,2)",244,1,3,243,0.0123456790123456790123456790123456790123456790123456790123457,0.0042073644156207928468045909812642057258252318165427019604663,0.0356621893769735470787357586769477783700928833795664281220133
10,Up,"[0,1)",>=2,30,0,0,30,0,0,0.113513393173968749941088969242882139187892157115904711864309
10,Up,"[1,2)",<-2,40,0,10,40,0.25,0.141871186390963042369863918173666927800536208593702665501230,0.401939614207680274947940425427508474147062960266951249291836
10,Up,"[1,2)","[-2,0)",151,0,1,151,0.00662251655629139072847682119205298013245033112582781456953642,0.0011699949278556846662462850624358167901602227918790879151539,0.0365554234787127666871331914481174152350523317326205632839187
10,Up,"[1,2)","[0,2)",193,0,0,193,0,0,0.0195154966017264088083628187954259353036928361937467284820666
10,Up,"[1,2)",>=2,40,0,0,40,0,0,0.0876216011972866346356086872023508038951983377213078295861324
10,Up,"[2,4)",<-2,75,0,1,75,0.0133333333333333333333333333333333333333333333333333333333333,0.0023575511390486614726182927661293335657927855646802571379486,0.0717336555442157067916507580158027204169840334789001616527306
10,Up,"[2,4)","[-2,0)",257,0,0,257,0,0,0.0147271788697317274556551294995552380757890792526123359497250
10,Up,"[2,4)","[0,2)",289,0,0,289,0,0,0.0131178789921485734897001834379667160402700217382187701294359
10,Up,"[2,4)",>=2,77,0,0,77,0,0,0.0475184252824340770166203434103553291498538565761673835857880
10,Up,"[4,8)",<-2,118,1,0,117,0,0,0.0317892456627333798009819974836105006940197839504393750863816
10,Up,"[4,8)","[-2,0)",287,1,0,286,0,0,0.0132536554167379598931122062327004148963891051195867529880667
10,Up,"[4,8)","[0,2)",347,0,0,347,0,0,0.0109492727387654432362150077249873713151675188515389841612672
10,Up,"[4,8)",>=2,142,1,0,141,0,0,0.0265218180759256424701238105759414968873457959155971841633016
10,Up,"[8,infinity)",<-2,207,0,0,207,0,1E-62,0.0182196558598136828991720769135291444321352785270982078641162
10,Up,"[8,infinity)","[-2,0)",276,2,0,274,0,0,0.0138260821009193692132300436557773345306815930489230153801809
10,Up,"[8,infinity)","[0,2)",357,3,0,354,0,1E-62,0.0107350859605649803034818630936559645312817700581930757182944
10,Up,"[8,infinity)",>=2,343,1,0,342,0,0,0.0111075717578608119042787520980436901916990313457317198507205
10,Down,"[0,1)",<-2,49,0,41,49,0.836734693877551020408163265306122448979591836734693877551020,0.709636615660831639652116119053286170066227742625828132738730,0.914873016292711618519919771882759598054817291694032529906478
10,Down,"[0,1)","[-2,0)",186,0,46,186,0.247311827956989247311827956989247311827956989247311827956989,0.190838635501729669332378505602071290943273385376777047084867,0.314011355728145436287230676084933202338257109413333444381399
10,Down,"[0,1)","[0,2)",203,0,1,203,0.00492610837438423645320197044334975369458128078817733990147783,0.0008701090024735592408900448457472013138904925040059260894693,0.0273711287745136205140921740102372050094486219358001200101939
10,Down,"[0,1)",>=2,45,0,1,45,0.0222222222222222222222222222222222222222222222222222222222222,0.0039335988828334241003541137294427786947992694953359655362102,0.115666817684148786112255917786296751531581779074925282833291
10,Down,"[1,2)",<-2,36,0,7,36,0.194444444444444444444444444444444444444444444444444444444444,0.097530954189287288028934534188221307061934999188870630403892,0.350280429951773838466659384851822667390907082255566382352760
10,Down,"[1,2)","[-2,0)",164,0,1,164,0.00609756097560975609756097560975609756097560975609756097560976,0.0010771813904626597724448478323346436776277498979405671472069,0.0337262507397036115121853922612048404689418650942238374776709
10,Down,"[1,2)","[0,2)",185,0,1,185,0.00540540540540540540540540540540540540540540540540540540540541,0.0009548249094924383632475640802408794901285325789748260489436,0.0299783126397181845476465162370286349634458399093859486848378
10,Down,"[1,2)",>=2,44,1,0,43,0,0,0.0820098032257911641526771184451815481418608757099502151814816
10,Down,"[2,4)",<-2,74,2,1,72,0.0138888888888888888888888888888888888888888888888888888888889,0.0024559518829057700140461506463335711515511750250950121483111,0.0745660214747615364593168458041175287034704779884836596204001
10,Down,"[2,4)","[-2,0)",252,0,0,252,0,1E-62,0.0150149973284290966644746041173543482888787911184451615462286
10,Down,"[2,4)","[0,2)",326,0,0,326,0,0,0.0116463795498260554034129286147749201619264418823036778378175
10,Down,"[2,4)",>=2,101,0,0,101,0,0,0.0366406463998560740854134177112465554537631231275835059495978
10,Down,"[4,8)",<-2,95,0,0,95,0,1E-61,0.0388648535394729614867276295781033935607497988908014013830293
10,Down,"[4,8)","[-2,0)",335,1,0,334,0,1E-62,0.0113705962379618415703148773504822465017963519041878814749056
10,Down,"[4,8)","[0,2)",382,1,0,381,0,0,0.00998192562845455521403767141131674839306239406135667870030824
10,Down,"[4,8)",>=2,142,3,0,139,0,0,0.0268931642984424248300934156766418861146633454377534543967238
10,Down,"[8,infinity)",<-2,226,1,0,225,0,0,0.0167865510056202370691371128407444563418332212466775828679556
10,Down,"[8,infinity)","[-2,0)",267,1,0,266,0,0,0.0142359844831950774801719821382011633534635318470626320215295
10,Down,"[8,infinity)","[0,2)",333,2,0,331,0,0,0.0114724706857498384912939345084192117328657190061037151407107
10,Down,"[8,infinity)",>=2,311,4,0,307,0,0,0.0123582575994472900316433668396150357438611862397862310848899
5,Up,"[0,1)",<-2,39,0,22,39,0.564102564102564102564102564102564102564102564102564102564103,0.409756916486694813000005320995200208421996559138537048229004,0.706952461243103723750294933089876003165587730747078720319242
5,Up,"[0,1)","[-2,0)",224,0,28,224,0.125,0.0879167969353635340383109839305696532921595329311813665334241,0.174728373660159852045921898226342105473744081966754389104460
5,Up,"[0,1)","[0,2)",228,1,2,227,0.00881057268722466960352422907488986784140969162995594713656388,0.0024195114654739235211273598737273817664156719259048114653351,0.0315495115200590626624549276281494414744150573413150731252581
5,Up,"[0,1)",>=2,41,0,0,41,0,0,0.0856675701844318594351844311280687423499582709533817091149619
5,Up,"[1,2)",<-2,45,0,1,45,0.0222222222222222222222222222222222222222222222222222222222222,0.0039335988828334241003541137294427786947992694953359655362102,0.115666817684148786112255917786296751531581779074925282833291
5,Up,"[1,2)","[-2,0)",160,1,0,159,0,0,0.0235901769028241287451193135599824064486095377130763398216284
5,Up,"[1,2)","[0,2)",180,0,0,180,0,0,0.0208954979216130490608407827862291671113899487423856293482532
5,Up,"[1,2)",>=2,42,0,0,42,0,1E-61,0.0837987908657039155820891979759801121544070253800093089929563
5,Up,"[2,4)",<-2,73,1,1,72,0.0138888888888888888888888888888888888888888888888888888888889,0.0024559518829057700140461506463335711515511750250950121483111,0.0745660214747615364593168458041175287034704779884836596204001
5,Up,"[2,4)","[-2,0)",273,0,0,273,0,0,0.0138760243391947219881368418318454696731079175888978188019772
5,Up,"[2,4)","[0,2)",298,0,0,298,0,2E-62,0.0127267434887932506045618107703693979266528461144525299917318
5,Up,"[2,4)",>=2,66,0,0,66,0,0,0.0550025570135412927977427089779817231457155686687380386388194
5,Up,"[4,8)",<-2,111,0,0,111,0,0,0.0334501046933923516666347857046477170867964640638518418778598
5,Up,"[4,8)","[-2,0)",278,0,0,278,0,0,0.0136298571429763940293454337596430155635650362871479388890492
5,Up,"[4,8)","[0,2)",340,1,0,339,0,0,0.0112047674569696825020566460444076290360890058158070089566850
5,Up,"[4,8)",>=2,136,1,0,135,0,0,0.0276679520175249050077361753068492589228594049216368442485636
5,Up,"[8,infinity)",<-2,206,0,0,206,0,1E-62,0.0183064816756567859619393780312931425886635210547971169199658
5,Up,"[8,infinity)","[-2,0)",279,1,0,278,0,0,0.0136298571429763940293454337596430155635650362871479388890492
5,Up,"[8,infinity)","[0,2)",368,4,0,364,0,0,0.0104432459381003607467923412848691908567894466215243833035814
5,Up,"[8,infinity)",>=2,342,1,0,341,0,1E-62,0.0111397824201049835741392723099640341902412672510554321630096
5,Down,"[0,1)",<-2,43,0,26,43,0.604651162790697674418604651162790697674418604651162790697674,0.455790630628739074950629105764793941636977642308303576529234,0.736346852417025565110438474095516897124028220915195215642080
5,Down,"[0,1)","[-2,0)",188,0,25,188,0.132978723404255319148936170212765957446808510638297872340426,0.0917203730802314895846858019628838671429670673065704811390338,0.188935639189865960411069854910096304216495200141218576957838
5,Down,"[0,1)","[0,2)",208,0,4,208,0.0192307692307692307692307692307692307692307692307692307692308,0.0075032572259002612768895194055026440407528311753700085625260,0.0483944829360805823474234659343219678967959529887941548508264
5,Down,"[0,1)",>=2,42,0,0,42,0,1E-61,0.0837987908657039155820891979759801121544070253800093089929563
5,Down,"[1,2)",<-2,36,1,1,35,0.0285714285714285714285714285714285714285714285714285714285714,0.0050614918554441925251890972434295531847301073973996883440003,0.145330872336136754125912486229137114960558351546066155477684
5,Down,"[1,2)","[-2,0)",177,0,0,177,0,0,0.0212421357676779458800327214502046544369144095470018181246356
5,Down,"[1,2)","[0,2)",178,0,0,178,0,0,0.0211253189762518284571776707073542034914253344488032569962098
5,Down,"[1,2)",>=2,48,0,0,48,0,0,0.0741001296661174914061744554923246232034589477706585810675096
5,Down,"[2,4)",<-2,71,1,0,70,0,0,0.0520230624102669173823786249206967016701131340208818963399166
5,Down,"[2,4)","[-2,0)",262,0,0,262,0,0,0.0144501871067639922849898589871660761104183972919674060858556
5,Down,"[2,4)","[0,2)",314,0,0,314,0,1E-62,0.0120860847887727291205032131008990816759293919381917700494800
5,Down,"[2,4)",>=2,89,1,0,88,0,1E-61,0.0418270666648922010340091710539856816999917997870036052007327
5,Down,"[4,8)",<-2,104,0,0,104,0,0,0.0356213543724519078354494891106162756884087997722706337238446
5,Down,"[4,8)","[-2,0)",332,0,0,332,0,1E-62,0.0114383103092256434999510270869215898444064163330032951035957
5,Down,"[4,8)","[0,2)",383,3,0,380,0,1E-62,0.0100079309632068844680684576454796628711821065589973809891946
5,Down,"[4,8)",>=2,150,2,0,148,0,0,0.0252991432677843938170655724570516641281237517720459895629478
5,Down,"[8,infinity)",<-2,209,2,0,207,0,1E-62,0.0182196558598136828991720769135291444321352785270982078641162
5,Down,"[8,infinity)","[-2,0)",288,1,0,287,0,1E-62,0.0132080853818795220014717836547854462409633379207316211759028
5,Down,"[8,infinity)","[0,2)",322,1,0,321,0,0,0.0118256420674878576168884597580555356678939303430478474001580
5,Down,"[8,infinity)",>=2,320,4,0,316,0,0,0.0120105093156409091941290277206938848860623058899285404093263
3,Up,"[0,1)",<-2,41,0,14,41,0.341463414634146341463414634146341463414634146341463414634146,0.215588082573848489794879061962085597630415242787976143182118,0.494501634801703075391886733273643515797620306538705862147018
3,Up,"[0,1)","[-2,0)",215,0,24,215,0.111627906976744186046511627906976744186046511627906976744186,0.0761697461538363106822651863415115220641045065375752627428171,0.160720736573067736833346540480544058566477511284856297300059
3,Up,"[0,1)","[0,2)",227,0,1,227,0.00440528634361233480176211453744493392070484581497797356828194,0.0007780649409238207496660444068366658036075724663407026617799,0.0245270030938067706911681021757744787218942844176255486067557
3,Up,"[0,1)",>=2,40,0,0,40,0,0,0.0876216011972866346356086872023508038951983377213078295861324
3,Up,"[1,2)",<-2,47,0,2,47,0.0425531914893617021276595744680851063829787234042553191489362,0.0117482759667893548602290000481540376314941680366955393849804,0.142485276778994497628079340222132935078697179686000712874186
3,Up,"[1,2)","[-2,0)",157,1,0,156,0,0,0.0240329314374149377257532448230617732617528518752598870345640
3,Up,"[1,2)","[0,2)",176,0,0,176,0,0,0.0213602516676877251638993533712157739755174199921696117231510
3,Up,"[1,2)",>=2,42,1,0,41,0,0,0.0856675701844318594351844311280687423499582709533817091149619
3,Up,"[2,4)",<-2,66,0,0,66,0,0,0.0550025570135412927977427089779817231457155686687380386388194
3,Up,"[2,4)","[-2,0)",274,1,0,273,0,0,0.0138760243391947219881368418318454696731079175888978188019772
3,Up,"[2,4)","[0,2)",296,0,0,296,0,2E-62,0.0128116333071582544393606209283467650273966988104679002632712
3,Up,"[2,4)",>=2,69,0,0,69,0,0,0.0527372581890517220139499189787857848418585032034563954288949
3,Up,"[4,8)",<-2,113,0,0,113,0,0,0.0328775321659519820513699103902766368000430670807969581986552
3,Up,"[4,8)","[-2,0)",267,1,0,266,0,0,0.0142359844831950774801719821382011633534635318470626320215295
3,Up,"[4,8)","[0,2)",356,0,0,356,0,0,0.0106754203178358350748831347663103462007426176275958241370135
3,Up,"[4,8)",>=2,138,1,0,137,0,0,0.0272750570241160523589009578516222674823195161467111647976672
3,Up,"[8,infinity)",<-2,216,0,0,216,0,1E-62,0.0174737687845643093006047044388536026133927419232170309576565
3,Up,"[8,infinity)","[-2,0)",281,2,0,279,0,0,0.0135816681073243859861022314273148369492944836264383647675725
3,Up,"[8,infinity)","[0,2)",379,3,0,376,0,0,0.0101133215753246751534479026806127004141283758217190194237682
3,Up,"[8,infinity)",>=2,328,1,0,327,0,0,0.0116111772520507392988893109641578539131891618370448285029377
3,Down,"[0,1)",<-2,33,0,18,33,0.545454545454545454545454545454545454545454545454545454545455,0.379859385362174602579855682388519630930304668906505214021333,0.701570614861238846883407030652699492109276306901808976309403
3,Down,"[0,1)","[-2,0)",190,0,20,190,0.105263157894736842105263157894736842105263157894736842105263,0.0691806770541208920138901902272667704677612362519903465212826,0.156991056729868247551880288771651734984110896645303711488595
3,Down,"[0,1)","[0,2)",217,0,4,217,0.0184331797235023041474654377880184331797235023041474654377880,0.0071910700004215068157119685048522614862053765894835908680020,0.0464286574000774057188526348823246964870306216773801132330286
3,Down,"[0,1)",>=2,43,0,0,43,0,0,0.0820098032257911641526771184451815481418608757099502151814816
3,Down,"[1,2)",<-2,47,2,1,45,0.0222222222222222222222222222222222222222222222222222222222222,0.0039335988828334241003541137294427786947992694953359655362102,0.115666817684148786112255917786296751531581779074925282833291
3,Down,"[1,2)","[-2,0)",165,0,0,165,0,0,0.0227518694017780839319469908531876714558079792604213481784106
3,Down,"[1,2)","[0,2)",185,0,0,185,0,0,0.0203422428776172963853300811950538807317555131712936793756806
3,Down,"[1,2)",>=2,42,0,0,42,0,1E-61,0.0837987908657039155820891979759801121544070253800093089929563
3,Down,"[2,4)",<-2,63,0,0,63,0,0,0.0574711995888517149615499543750721737797381671477228770828911
3,Down,"[2,4)","[-2,0)",257,0,0,257,0,0,0.0147271788697317274556551294995552380757890792526123359497250
3,Down,"[2,4)","[0,2)",324,0,0,324,0,1E-62,0.0117174284012539389868536433223895826608040737977179915302587
3,Down,"[2,4)",>=2,86,1,0,85,0,1E-61,0.0432394838140514837045856570849315112406781489145870561252631
3,Down,"[4,8)",<-2,101,0,0,101,0,0,0.0366406463998560740854134177112465554537631231275835059495978
3,Down,"[4,8)","[-2,0)",336,0,0,336,0,1E-62,0.0113036791744733567655238503127629696475938045656430929990520
3,Down,"[4,8)","[0,2)",391,2,0,389,0,0,0.00977864920934298405499452953061418173188609934163052478909976
3,Down,"[4,8)",>=2,143,3,0,140,0,1E-61,0.0267062003694129914195800577718482246979526211629922510189077
3,Down,"[8,infinity)",<-2,219,2,0,217,0,0,0.0173946451957333206698589422728105257425464671000450899039410
3,Down,"[8,infinity)","[-2,0)",263,1,0,262,0,0,0.0144501871067639922849898589871660761104183972919674060858556
3,Down,"[8,infinity)","[0,2)",353,1,0,352,0,0,0.0107954223024636588978254365447016207668175160958963323781047
3,Down,"[8,infinity)",>=2,311,3,0,308,0,0,0.0123186276617020552946103531230792725154389960879633128571381
