t_sec,x_bin,y_bin,N,U,L,resolved,loss_rate,wilson_95_low,wilson_95_high
120,"[0,1)",<-2,135,0,103,135,0.762962962962962962962962962962962962962962962962962962962963,0.684576856893208796026587970811435853915413254029304980383682,0.826797775749426253932306336990147128428860688567463790418926
120,"[0,1)","[-2,0)",494,1,248,493,0.503042596348884381338742393509127789046653144016227180527383,0.459054666478151669654022001005078119583763168846073745161403,0.546983476971311702512690594075058346059766031301676766196115
120,"[0,1)","[0,2)",558,1,162,557,0.290843806104129263913824057450628366247755834829443447037702,0.254662878970216996966992229486597446213081714694874871647019,0.329889945476928378364128039082152472210079959706886423299551
120,"[0,1)",>=2,116,0,18,116,0.155172413793103448275862068965517241379310344827586206896552,0.100466081391981176951212075251121287077262889487927182901100,0.231985302400873108053647155525450198749073970332209986525102
120,"[1,2)",<-2,118,0,77,118,0.652542372881355932203389830508474576271186440677966101694915,0.563047802998432434872283270445019485338614213412781369600291,0.732418127469281163212792287714212806372125834076552673673641
120,"[1,2)","[-2,0)",373,0,137,373,0.367292225201072386058981233243967828418230563002680965147453,0.319954564212414094982111629618221565348846476203801089295091,0.417335487922997478552217753077796343392713239727484630829393
120,"[1,2)","[0,2)",464,2,95,462,0.205627705627705627705627705627705627705627705627705627705628,0.171273654461373103817342173400594225410781487954774672737160,0.244836709161940977093077250651910027434592980881799487586616
120,"[1,2)",>=2,125,1,15,124,0.120967741935483870967741935483870967741935483870967741935484,0.0746949806010957422798627808679159142801073086473462860732101,0.190019292318450250672647663674554885861339938630783716026172
120,"[2,4)",<-2,182,2,105,180,0.583333333333333333333333333333333333333333333333333333333333,0.510305304279413009094688521901242014492551214816733401983176,0.652878779400318149395171347634386457655550460392868993125448
120,"[2,4)","[-2,0)",524,0,157,524,0.299618320610687022900763358778625954198473282442748091603053,0.261970030889138084546257632826768316799577985463569257077656,0.340183235985383311119666591772899908972369554805686462379696
120,"[2,4)","[0,2)",663,0,93,663,0.140271493212669683257918552036199095022624434389140271493213,0.115905059174572942101168597034843631318037182956897016102237,0.168782487332250165688133185059484013351589077112955688249307
120,"[2,4)",>=2,234,0,23,234,0.0982905982905982905982905982905982905982905982905982905982906,0.0663914763100165008396005335715799961930195388575330117545105,0.143166012396227156634084505387289824148643949131420141782176
120,"[4,8)",<-2,272,2,104,270,0.385185185185185185185185185185185185185185185185185185185185,0.329135772082138167544242693289151495523068831641144845450498,0.444455851819499195643724766922790143838910978522249484807308
120,"[4,8)","[-2,0)",498,0,73,498,0.146586345381526104417670682730923694779116465863453815261044,0.118228540929127693183459574389332678621030624435140455869373,0.180354719156268833879083715549408914006881573789428572030741
120,"[4,8)","[0,2)",673,1,47,672,0.0699404761904761904761904761904761904761904761904761904761905,0.0530016686788777293870120491221945217985753416819559984415044,0.0917681697850455197923783325360575318229967097092808012485864
120,"[4,8)",>=2,345,3,21,342,0.0614035087719298245614035087719298245614035087719298245614035,0.0405090352434114203944092108914407795830288596755446706400032,0.0920414662985717479426774137559659661991632730838691187027340
120,"[8,infinity)",<-2,345,4,51,341,0.149560117302052785923753665689149560117302052785923753665689,0.115620450401157014836603926660294248327105623594471635948520,0.191307432292113046964625651293023652468987229405534957268370
120,"[8,infinity)","[-2,0)",322,3,14,319,0.0438871473354231974921630094043887147335423197492163009404389,0.0263199214350932875361257656451583562098423798291072064146684,0.0723088573376443381778165175579618888401115488859555530647328
120,"[8,infinity)","[0,2)",467,3,11,464,0.0237068965517241379310344827586206896551724137931034482758621,0.0132881316587319770383250849917329974823302141896096874511813,0.0419473724495052012925836230465385290147915391608939811998153
120,"[8,infinity)",>=2,590,4,14,586,0.0238907849829351535836177474402730375426621160409556313993174,0.0142836338776028824717163132718455443995496893845093948513288,0.0396994463968096499254421570203216410297312549473726241717602
90,"[0,1)",<-2,115,0,98,115,0.852173913043478260869565217391304347826086956521739130434783,0.775970508393773037404134699383977067669989797700023285986738,0.905609815541928192434653598461472891890051345443958023786640
90,"[0,1)","[-2,0)",481,1,250,480,0.520833333333333333333333333333333333333333333333333333333333,0.476154376717154294650388577573274471984066566564512336238423,0.565181477487542458104719548394900879290404999871359288524675
90,"[0,1)","[0,2)",492,1,124,491,0.252545824847250509164969450101832993890020366598778004073320,0.216138159474156526892863186238777634818945503515272894630268,0.292795468320253711611118443223775087372888611779050671148482
90,"[0,1)",>=2,128,2,15,126,0.119047619047619047619047619047619047619047619047619047619048,0.0734866555936533738436691200889452842190558415746391575099850,0.187150117345164493683057631700581253057412924740885127365329
90,"[1,2)",<-2,119,1,90,118,0.762711864406779661016949152542372881355932203389830508474576,0.678437662067740205923286708713057097298250898819994651652897,0.830420329293322101889898974783398516203579182967191756207767
90,"[1,2)","[-2,0)",340,1,116,339,0.342182890855457227138643067846607669616519174041297935103245,0.293699327868303894637312390955564087415327460302595024299466,0.394203061860002170341212863105650119979544290795609547849104
90,"[1,2)","[0,2)",448,1,60,447,0.134228187919463087248322147651006711409395973154362416107383,0.105723516766690915834132599768759231155282187515380512326153,0.168966080646637443665894835783928517794806376325870146605893
90,"[1,2)",>=2,112,0,6,112,0.0535714285714285714285714285714285714285714285714285714285714,0.0247809390160419427728907186701153553052756909709929137886983,0.111970263722300804573030627775713862314486211790825073882496
90,"[2,4)",<-2,192,1,110,191,0.575916230366492146596858638743455497382198952879581151832461,0.505010782889839441802275466806271012947215937063486895066285,0.643828176618710018728824946664315523500509372462310486053935
90,"[2,4)","[-2,0)",493,0,96,493,0.194726166328600405679513184584178498985801217038539553752535,0.162187015439892226593624123534168744698485048128022286486145,0.231985925130616099346212170092139202400751870381009740642793
90,"[2,4)","[0,2)",644,0,57,644,0.0885093167701863354037267080745341614906832298136645962732919,0.0689418331953144491727297029318504236979812313390823111974685,0.112956773657059927644792380955122498262632473695987393720665
90,"[2,4)",>=2,226,0,13,226,0.0575221238938053097345132743362831858407079646017699115044248,0.0339209255001247138449335341972574757548610071418903088827505,0.0959140441080968292569245450563510019004418372924670808839799
90,"[4,8)",<-2,246,1,86,245,0.351020408163265306122448979591836734693877551020408163265306,0.293973807057220753041000368667553630793841715570854331703823,0.412666716809016996564050346500057003946601791093400136965039
90,"[4,8)","[-2,0)",515,2,55,513,0.107212475633528265107212475633528265107212475633528265107212,0.0832999520573266691114286644757951185689939428681100338904929,0.136963838468403420816242143000428732984952008121172409101835
90,"[4,8)","[0,2)",675,0,20,675,0.0296296296296296296296296296296296296296296296296296296296296,0.0192611703593321244302785045802439701781186066050422495457304,0.0453215952496761408269806190310028544794519496756822290394192
90,"[4,8)",>=2,363,1,7,362,0.0193370165745856353591160220994475138121546961325966850828729,0.0093977339903647478802448846138855106907287665021579686767322,0.0393705463412489640870321236637115993357719585614072764644300
90,"[8,infinity)",<-2,368,4,47,364,0.129120879120879120879120879120879120879120879120879120879121,0.0985073862565878448699626711665479051106484836611390365382008,0.167480735730464620519141538028272648546860171799881797230939
90,"[8,infinity)","[-2,0)",374,3,3,371,0.00808625336927223719676549865229110512129380053908355795148248,0.0027537908626446688935063837705621792091767110087505203503069,0.0235011993181554731251612525965734009876715367006270025998255
90,"[8,infinity)","[0,2)",506,4,9,502,0.0179282868525896414342629482071713147410358565737051792828685,0.0094602398149782246363910307524946304899760124058435814141583,0.0337182273506328050239794427372609288285317600105276862847689
90,"[8,infinity)",>=2,636,3,4,633,0.00631911532385466034755134281200631911532385466034755134281201,0.00246004390918778132149794990271788518209092762586061331619217,0.0161340012125324529209909639225112958377625639799755278538588
60,"[0,1)",<-2,119,0,106,119,0.890756302521008403361344537815126050420168067226890756302521,0.822035805061349930370901943365193407976254429700472430824607,0.935037587690747772246287402323806680430588051651845840472707
60,"[0,1)","[-2,0)",451,0,219,451,0.485587583148558758314855875831485587583148558758314855875831,0.439777967665864470110852595003259676432176893789564208336342,0.531640644802519132758852528446409583764149719412577228911916
60,"[0,1)","[0,2)",459,2,57,457,0.124726477024070021881838074398249452954048140043763676148796,0.0975264998738651755212017745703806244929439017206792786647516,0.158182826110506186056812994507634151446604097603138469365044
60,"[0,1)",>=2,91,0,6,91,0.0659340659340659340659340659340659340659340659340659340659341,0.0305662864716154794942349571051068828857005336877255451462319,0.136464661994115687673736546084826320774572399477654633287366
60,"[1,2)",<-2,100,1,80,99,0.808080808080808080808080808080808080808080808080808080808081,0.719596393856990869577766139009011720047559164516601356595527,0.873549606788085185085980841837091729324324455525750305309265
60,"[1,2)","[-2,0)",347,1,97,346,0.280346820809248554913294797687861271676300578034682080924855,0.235629397974602173884104166415447674189279277023038836220326,0.329888078106169404683186748929594860980817448985277531751170
60,"[1,2)","[0,2)",397,0,23,397,0.0579345088161209068010075566750629722921914357682619647355164,0.0389117020538386053983371808953434728276980245402852293782456,0.0854303731579707339792147817407968214036409394324932972709854
60,"[1,2)",>=2,91,0,5,91,0.0549450549450549450549450549450549450549450549450549450549451,0.0236950997034267737361463274487270721081000005375063833619148,0.122248024672829233106963694809305706328382373973832786930761
60,"[2,4)",<-2,171,1,108,170,0.635294117647058823529411764705882352941176470588235294117647,0.560688638164710298654612555444270106456145223587834384508376,0.703920277982535872543766696833975487003783876348919757765206
60,"[2,4)","[-2,0)",467,1,50,466,0.107296137339055793991416309012875536480686695278969957081545,0.0823387830905147648657747474475071886603228180408887745027397,0.138675043746599672571485945155958080482253790974066842432210
60,"[2,4)","[0,2)",677,0,29,677,0.0428360413589364844903988183161004431314623338257016248153619,0.0299885111363969803199788902853427911243881264562194796828462,0.0608424128907789900870804190844753069388389080692465575607378
60,"[2,4)",>=2,217,3,2,214,0.00934579439252336448598130841121495327102803738317757009345794,0.0025667066674903927957892865640882950613831045416888830361807,0.0334294662517721903463726334532561360978627169983546396706045
60,"[4,8)",<-2,247,0,80,247,0.323886639676113360323886639676113360323886639676113360323887,0.268610767429364679022916882530457630099280093647265669113086,0.384556614035319250546976763526991068059274822690006600714540
60,"[4,8)","[-2,0)",511,2,10,509,0.0196463654223968565815324165029469548133595284872298624754420,0.0107058508632353291425137264212464798394575515462384052778570,0.0357830950100542680449222822522630111199048050291190823763948
60,"[4,8)","[0,2)",715,1,7,714,0.00980392156862745098039215686274509803921568627450980392156863,0.00475697284003460143580726743397649595204408132601082098610787,0.0200973436688014394808442049050779052475296789367827925045265
60,"[4,8)",>=2,355,2,2,353,0.00566572237960339943342776203966005665722379603399433427762040,0.00155512298069094736861020589292887109985376678319808432686190,0.0204195064432805121557050095216841436878945208546024735151519
60,"[8,infinity)",<-2,438,1,21,437,0.0480549199084668192219679633867276887871853546910755148741419,0.0316428623151100801068588403317458520122645657420809622479868,0.0723434073595383610314065510377753081996731833957778027842092
60,"[8,infinity)","[-2,0)",445,7,2,438,0.00456621004566210045662100456621004566210045662100456621004566,0.00125311393501555329549317791312547402599671145082249668413771,0.0164941088847341577677545170543318331307024976468634524993024
60,"[8,infinity)","[0,2)",581,2,0,579,0,0,0.00659091552695450052138811121909145165655985568601419011709374
60,"[8,infinity)",>=2,608,3,0,605,0,0,0.00630945669852198368278896315330137980126856307336237865491168
30,"[0,1)",<-2,82,0,78,82,0.951219512195121951219512195121951219512195121951219512195122,0.881185380774240632206980689726743952541470403793063014342800,0.980868934432254206788583810124455398986008823018735573953212
30,"[0,1)","[-2,0)",417,0,170,417,0.407673860911270983213429256594724220623501199040767386091127,0.361560122795511083372568548760384011391680659188246966869118,0.455473112913314325483544962394471602495749528172955990672838
30,"[0,1)","[0,2)",458,2,19,456,0.0416666666666666666666666666666666666666666666666666666666667,0.0268344682720986039338560542563601027330776278562556717648234,0.0641565853140665258883450695794799345121988900649944264759336
30,"[0,1)",>=2,91,1,0,90,0,0,0.0409356255643267779347737319135887781891865818252014822304956
30,"[1,2)",<-2,95,0,77,95,0.810526315789473684210526315789473684210526315789473684210526,0.720264034303489232898808855693404912755248979829353861065391,0.876651477708838085756802405937036137559653776648990531759891
30,"[1,2)","[-2,0)",285,1,36,284,0.126760563380281690140845070422535211267605633802816901408451,0.0929849998961212025418110349890394151576072547979006516024600,0.170498443842045280464214498329877639322207934438311907908754
30,"[1,2)","[0,2)",379,1,5,378,0.0132275132275132275132275132275132275132275132275132275132275,0.0056628818765608806894172567614704780770545123059339923148358,0.0305863480091698485046221097420376556690366508722292525037962
30,"[1,2)",>=2,116,0,1,116,0.00862068965517241379310344827586206896551724137931034482758621,0.0015233877766386063918144066273284061815738587135940822543264,0.0472198341281787497401099972292859611209561665301013841780096
30,"[2,4)",<-2,141,0,65,141,0.460992907801418439716312056737588652482269503546099290780142,0.380841423181723781769252310324589959689781876442479754002944,0.543213470427036374735509121706157249287245100543843430577174
30,"[2,4)","[-2,0)",530,0,8,530,0.0150943396226415094339622641509433962264150943396226415094340,0.0076679434055577591538179606051926597713964892820591129470350,0.0294993812614431316568041879609239730581079801078996280130366
30,"[2,4)","[0,2)",658,0,0,658,0,0,0.00580419792307820931204129462371734820578359888999792096952729
30,"[2,4)",>=2,180,2,0,178,0,0,0.0211253189762518284571776707073542034914253344488032569962098
30,"[4,8)",<-2,250,3,17,247,0.0688259109311740890688259109311740890688259109311740890688259,0.0434122070847275367442011539454202495093022646630139132958185,0.107445864777084842547607427781436908051297702921342333523541
30,"[4,8)","[-2,0)",565,2,1,563,0.00177619893428063943161634103019538188277087033747779751332149,0.00031361156571686111284318927421069374795161517928461882863920,0.00999166644420005628300735068719167432505579972403777343000056
30,"[4,8)","[0,2)",696,2,0,694,0,0,0.00550477299985291239961080242766467864892041864368150515196030
30,"[4,8)",>=2,301,0,0,301,0,0,0.0126014973014338168963529029229615681905503386503574292770292
30,"[8,infinity)",<-2,465,1,1,464,0.00215517241379310344827586206896551724137931034482758620689655,0.00038054220939085268816053270633763412416831765221650131907749,0.0121054371978615825807983431164710655176195783838303197595658
30,"[8,infinity)","[-2,0)",465,3,0,462,0,0,0.00824627938959965213460946291270942946530516397976934584405500
30,"[8,infinity)","[0,2)",659,1,0,658,0,0,0.00580419792307820931204129462371734820578359888999792096952729
30,"[8,infinity)",>=2,638,8,0,630,0,0,0.00606059885675737411166086410883943469107993581116976443242717
15,"[0,1)",<-2,91,0,83,91,0.912087912087912087912087912087912087912087912087912087912088,0.836013611163622587296311173567742874594533315137707670319068,0.954779792191695924885994361378523071297612634388830134965496
15,"[0,1)","[-2,0)",420,0,132,420,0.314285714285714285714285714285714285714285714285714285714286,0.271741154149207127918884828609237156794796023988715024421781,0.360196692530403074058620173391816310372376129916820463330943
15,"[0,1)","[0,2)",449,0,9,449,0.0200445434298440979955456570155902004454342984409799554565702,0.0105806280435535337247137344971714911726466524663262553184483,0.0376513931092234910247916365189162187996169626764308380273229
15,"[0,1)",>=2,76,1,0,75,0,0,0.0487238424828058578057558740910260828590172798392949508123418
15,"[1,2)",<-2,85,0,33,85,0.388235294117647058823529411764705882352941176470588235294118,0.291612996946894149613290847919316995964667671828332639741108,0.494522887670364417332440063664373577136189796752575055157482
15,"[1,2)","[-2,0)",303,0,4,303,0.0132013201320132013201320132013201320132013201320132013201320,0.0051453895493054854898235947662095582252531167931496591904235,0.0334460669839975969824667606201682425573045220972148456484885
15,"[1,2)","[0,2)",376,1,1,375,0.00266666666666666666666666666666666666666666666666666666666667,0.00047088734527332777593071310708575483278652312686758290058696,0.0149483828657488791985946047645588810552859651117171231483629
15,"[1,2)",>=2,96,1,0,95,0,1E-61,0.0388648535394729614867276295781033935607497988908014013830293
15,"[2,4)",<-2,151,1,17,150,0.113333333333333333333333333333333333333333333333333333333333,0.0719742391403741030328409425145554989155082678960641519943630,0.174002749837605131193250646877677427628431410433406780156187
15,"[2,4)","[-2,0)",513,0,2,513,0.00389863547758284600389863547758284600389863547758284600389864,0.00106979835316267510281582251558895554233537607471844106004002,0.0141020859584914583294036340734878197454028101623653392950365
15,"[2,4)","[0,2)",608,0,0,608,0,1E-62,0.00627851997492687162396207831900579578620643167108275258240337
15,"[2,4)",>=2,178,1,0,177,0,0,0.0212421357676779458800327214502046544369144095470018181246356
15,"[4,8)",<-2,214,2,1,212,0.00471698113207547169811320754716981132075471698113207547169811,0.0008331488458669798780941037941044011253550740231438833684785,0.0262305063601831117847431062245737840724443665803197095480193
15,"[4,8)","[-2,0)",614,2,0,612,0,0,0.00623773986904085397106011433681542773640990484423974383591770
15,"[4,8)","[0,2)",720,1,0,719,0,1E-62,0.00531438640357100178327718251882644532224487384414483799535763
15,"[4,8)",>=2,304,4,0,300,0,0,0.0126429712245460355451193813208078190838578067162069956520465
15,"[8,infinity)",<-2,440,0,0,440,0,0,0.00865502477146016642084643407249873915018166376729154741777755
15,"[8,infinity)","[-2,0)",516,4,0,512,0,0,0.00744697572288273853722103619490790756640530300098103097471736
15,"[8,infinity)","[0,2)",689,5,0,684,0,0,0.00558480267717551605981209066390714031967328056674338396997736
15,"[8,infinity)",>=2,646,4,0,642,0,0,0.00594799043670659530183294350278411793319607677931603445448048
10,"[0,1)",<-2,93,0,79,93,0.849462365591397849462365591397849462365591397849462365591398,0.763041902802112055449188642070489122600479468755925917373863,0.908158229781083815746557197444604484717045098389322588366495
10,"[0,1)","[-2,0)",390,0,88,390,0.225641025641025641025641025641025641025641025641025641025641,0.186947779737064295174900064545105123749045211996941250203611,0.269686367818669065038565778392382747943836940859513067741525
10,"[0,1)","[0,2)",447,1,4,446,0.00896860986547085201793721973094170403587443946188340807174888,0.00349308753852682035741103570259250512643570604822176389719508,0.0228305395716504699629136949081553731747710755088642640133257
10,"[0,1)",>=2,75,0,1,75,0.0133333333333333333333333333333333333333333333333333333333333,0.0023575511390486614726182927661293335657927855646802571379486,0.0717336555442157067916507580158027204169840334789001616527306
10,"[1,2)",<-2,76,0,17,76,0.223684210526315789473684210526315789473684210526315789473684,0.144611828222261495978279047971871519208276100296926398860523,0.329345679313735442905774321983961747508899084969861085879435
10,"[1,2)","[-2,0)",315,0,2,315,0.00634920634920634920634920634920634920634920634920634920634921,0.0017429117309909872366879771357760065809776175212278842959910,0.0228506867605524281733607765016658409208337955156697991478358
10,"[1,2)","[0,2)",378,0,1,378,0.00264550264550264550264550264550264550264550264550264550264550,0.00046714892134721620989615158995545907887397322634029255053641,0.0148309772662472244883614620114550254008278674122178054163268
10,"[1,2)",>=2,84,1,0,83,0,1E-61,0.0442353096419738403383844233759625755395690083553910862604569
10,"[2,4)",<-2,149,2,2,147,0.0136054421768707482993197278911564625850340136054421768707483,0.0037390672782065773782540496849311695693677678623069227392712,0.0482457045610481730985963311555467364354059837162858562068818
10,"[2,4)","[-2,0)",509,0,0,509,0,0,0.00749053875154275044663584542907225132579844477884859144379205
10,"[2,4)","[0,2)",615,0,0,615,0,0,0.00620750075150858046942248338458489746664725024397385119092729
10,"[2,4)",>=2,178,0,0,178,0,0,0.0211253189762518284571776707073542034914253344488032569962098
10,"[4,8)",<-2,213,1,0,212,0,0,0.0177975947794410449167689929712370250568261019425441985633215
10,"[4,8)","[-2,0)",622,2,0,620,0,0,0.00615774852148492029219312953789323638501313719743009615850818
10,"[4,8)","[0,2)",729,1,0,728,0,0,0.00524903143214151688115856253355132307267298097080491697366170
10,"[4,8)",>=2,284,4,0,280,0,0,0.0135338186206294064480194391271503378468572302256404029940121
10,"[8,infinity)",<-2,433,1,0,432,0,1E-62,0.00881389033316930813861683085018287995383294700128658484997347
10,"[8,infinity)","[-2,0)",543,3,0,540,0,0,0.00706356376180702971342047935436676107980177771430331590709497
10,"[8,infinity)","[0,2)",690,5,0,685,0,0,0.00557669514734312650877867565809671533547215006724442932794821
10,"[8,infinity)",>=2,654,5,0,649,0,1E-62,0.00588421395239422005877313521391377883380406510455598527659815
5,"[0,1)",<-2,82,0,48,82,0.585365853658536585365853658536585365853658536585365853658537,0.477256958344124678329248188551021493658332489535593039919527,0.685834398586833804723966716826232437711731147969341828136477
5,"[0,1)","[-2,0)",412,0,53,412,0.128640776699029126213592233009708737864077669902912621359223,0.0997100022998567960087314090826650904363771085192008965205478,0.164432633050161181352409091786226744540396922522359748179332
5,"[0,1)","[0,2)",436,1,6,435,0.0137931034482758620689655172413793103448275862068965517241379,0.0063364262850485354774875616844359615981052544392513052915151,0.0297619379471394124223375759678714299338327380618562381895911
5,"[0,1)",>=2,83,0,0,83,0,1E-61,0.0442353096419738403383844233759625755395690083553910862604569
5,"[1,2)",<-2,81,1,2,80,0.025,0.0068828932029706468608464901781582030624385206359014328084673,0.0866443298557801031554020742691809895316014663650523841876477
5,"[1,2)","[-2,0)",337,1,0,336,0,1E-62,0.0113036791744733567655238503127629696475938045656430929990520
5,"[1,2)","[0,2)",358,0,0,358,0,0,0.0106164142528446705210688591881764850174400293828906202273718
5,"[1,2)",>=2,90,0,0,90,0,0,0.0409356255643267779347737319135887781891865818252014822304956
5,"[2,4)",<-2,144,2,1,142,0.00704225352112676056338028169014084507042253521126760563380282,0.0012442142265477850020115694302390952226938141918552770496780,0.0388092717158545765748691831482580238306148592729608073839548
5,"[2,4)","[-2,0)",535,0,0,535,0,0,0.00712910775110275235549813831832140722944151063500831477467837
5,"[2,4)","[0,2)",612,0,0,612,0,0,0.00623773986904085397106011433681542773640990484423974383591770
5,"[2,4)",>=2,155,1,0,154,0,0,0.0243374513223295347193119667914682277295063810104846420939052
5,"[4,8)",<-2,215,0,0,215,0,1E-62,0.0175536154867327557835719836331853283567373283342681761031040
5,"[4,8)","[-2,0)",610,0,0,610,0,0,0.00625806348771928190072478087330536378922460507684317260936074
5,"[4,8)","[0,2)",723,4,0,719,0,1E-62,0.00531438640357100178327718251882644532224487384414483799535763
5,"[4,8)",>=2,286,3,0,283,0,0,0.0133922719417468800191970897459232840195967897843813321991874
5,"[8,infinity)",<-2,415,2,0,413,0,0,0.00921563519992031926939583090371384259637093815053138569368526
5,"[8,infinity)","[-2,0)",567,2,0,565,0,0,0.00675312736286509040416077513099801371091042167840680592124474
5,"[8,infinity)","[0,2)",690,5,0,685,0,0,0.00557669514734312650877867565809671533547215006724442932794821
5,"[8,infinity)",>=2,662,5,0,657,0,0,0.00581298096452575423709970583735668683698071475527428715247060
3,"[0,1)",<-2,74,0,32,74,0.432432432432432432432432432432432432432432432432432432432432,0.325661186570673443720559019740786291558794036368548380856638,0.545872567401811159279791477374516382065416727543501220491928
3,"[0,1)","[-2,0)",405,0,44,405,0.108641975308641975308641975308641975308641975308641975308642,0.0819313950704207718994195276379533160120896207637815977393333,0.142706925822013710175405825524856539782701471159762895528655
3,"[0,1)","[0,2)",444,0,5,444,0.0112612612612612612612612612612612612612612612612612612612613,0.0048194652424819759844482737630644516906702253758568327052603,0.0260875857865652048895970883772258337266190722988089688428081
3,"[0,1)",>=2,83,0,0,83,0,1E-61,0.0442353096419738403383844233759625755395690083553910862604569
3,"[1,2)",<-2,94,2,3,92,0.0326086956521739130434782608695652173913043478260869565217391,0.0111511774109715325631936941308223799629099538641252641419102,0.0915335995299357298156547196508092194586509789066786758409284
3,"[1,2)","[-2,0)",322,1,0,321,0,0,0.0118256420674878576168884597580555356678939303430478474001580
3,"[1,2)","[0,2)",361,0,0,361,0,0,0.0105291181356175252413881954082877040905914997749756160889632
3,"[1,2)",>=2,84,1,0,83,0,1E-61,0.0442353096419738403383844233759625755395690083553910862604569
3,"[2,4)",<-2,129,0,0,129,0,0,0.0289176199568782527704081078419588624465267130069105775551402
3,"[2,4)","[-2,0)",531,1,0,530,0,1E-62,0.00719587952044838935725630105066501050513106765890687297439273
3,"[2,4)","[0,2)",620,0,0,620,0,0,0.00615774852148492029219312953789323638501313719743009615850818
3,"[2,4)",>=2,155,1,0,154,0,0,0.0243374513223295347193119667914682277295063810104846420939052
3,"[4,8)",<-2,214,0,0,214,0,0,0.0176341952605818704401078613510081346098981229027110183773906
3,"[4,8)","[-2,0)",603,1,0,602,0,0,0.00634069980646710703535749274598285040001057769362492417690328
3,"[4,8)","[0,2)",747,2,0,745,0,1E-62,0.00512986931405188229693554127984150773623634864322487599681717
3,"[4,8)",>=2,281,4,0,277,0,0,0.0136783893547096997757671775033450724802232840224746227545337
3,"[8,infinity)",<-2,435,2,0,433,0,1E-62,0.00879371392785062922598201023252156865940813825792263032036741
3,"[8,infinity)","[-2,0)",544,3,0,541,0,0,0.00705059932298275949620076721463341970068114575351919767740877
3,"[8,infinity)","[0,2)",732,4,0,728,0,0,0.00524903143214151688115856253355132307267298097080491697366170
3,"[8,infinity)",>=2,639,4,0,635,0,0,0.00601316456165115728369875346126790519970733065036374997667181
