t_sec,x_bin,y_bin,full_N,full_U,full_L,full_resolved,full_loss_rate,full_wilson_95_low,full_wilson_95_high,matched_N,matched_U,matched_L,matched_resolved,matched_loss_rate,matched_wilson_95_low,matched_wilson_95_high,matched_ask_eq_0_N,matched_ask_eq_1_N,median_bid,median_ask,ask_available_N,bid_available_N,ask_only_N,bid_only_N,paired_quote_N,crossed_quote_N,neither_available_N,ask_available_eq_0_N,ask_available_eq_1_N,excluded_no_quote_row_N,excluded_token_mismatch_N,excluded_quote_sample_stale_N,excluded_quote_received_stale_N,excluded_ask_price_missing_N,excluded_ask_price_invalid_N,excluded_ask_source_clock_missing_or_invalid_N,excluded_ask_source_age_N,excluded_ask_received_clock_missing_or_invalid_N,excluded_ask_received_age_N,excluded_bid_price_missing_N,excluded_bid_price_invalid_N,excluded_bid_source_clock_missing_or_invalid_N,excluded_bid_source_age_N,excluded_bid_received_clock_missing_or_invalid_N,excluded_bid_received_age_N,excluded_crossed_quote_N
120,"[0,1)",<-2,135,0,103,135,0.762962962962962962962962962962962962962962962962962962962963,0.684576856893208796026587970811435853915413254029304980383682,0.826797775749426253932306336990147128428860688567463790418926,89,0,66,89,0.741573033707865168539325842696629213483146067415730337078652,0.641970587162889689910499050612368873068834550763674086530502,0.821184565138696176247929315225074934449080243519762835708032,0,0,0.22000000,0.23000000,89,89,0,0,89,0,46,0,0,4,4,1,2,4,0,4,42,4,2,4,0,4,42,4,2,0
120,"[0,1)","[-2,0)",494,1,248,493,0.503042596348884381338742393509127789046653144016227180527383,0.459054666478151669654022001005078119583763168846073745161403,0.546983476971311702512690594075058346059766031301676766196115,419,1,207,418,0.495215311004784688995215311004784688995215311004784688995215,0.447547306505477654965447615228732930728270303821372424411489,0.542970458127751009007426976214860781073557579303314251580037,0,0,0.50000000,0.51000000,419,419,0,0,419,0,75,0,0,5,5,2,6,5,0,5,70,5,6,5,0,5,70,5,6,0
120,"[0,1)","[0,2)",558,1,162,557,0.290843806104129263913824057450628366247755834829443447037702,0.254662878970216996966992229486597446213081714694874871647019,0.329889945476928378364128039082152472210079959706886423299551,480,1,135,479,0.281837160751565762004175365344467640918580375782881002087683,0.243406510789366756678485641064877607967911202226720060648233,0.323739192666861681289829425916512488695635234706628804968531,0,0,0.69000000,0.70000000,480,480,0,0,480,0,78,0,0,16,16,1,2,16,0,16,62,16,2,16,0,16,62,16,2,0
120,"[0,1)",>=2,116,0,18,116,0.155172413793103448275862068965517241379310344827586206896552,0.100466081391981176951212075251121287077262889487927182901100,0.231985302400873108053647155525450198749073970332209986525102,69,0,9,69,0.130434782608695652173913043478260869565217391304347826086957,0.0701662783960349118882761902882328443919450683240937808656608,0.229682999395872882643773749826521866143341651434982685320913,0,1,0.79000000,0.81000000,69,69,0,0,69,0,47,0,1,5,5,2,2,5,0,5,42,5,2,5,0,5,42,5,2,0
120,"[1,2)",<-2,118,0,77,118,0.652542372881355932203389830508474576271186440677966101694915,0.563047802998432434872283270445019485338614213412781369600291,0.732418127469281163212792287714212806372125834076552673673641,73,0,43,73,0.589041095890410958904109589041095890410958904109589041095890,0.474492232441847540953862970531957144878085418240321102447048,0.694687272990693494578883916116019912865941454389174205650052,0,0,0.34000000,0.35000000,73,73,0,0,73,0,45,0,0,8,8,1,1,8,0,8,37,8,1,8,0,8,37,8,1,0
120,"[1,2)","[-2,0)",373,0,137,373,0.367292225201072386058981233243967828418230563002680965147453,0.319954564212414094982111629618221565348846476203801089295091,0.417335487922997478552217753077796343392713239727484630829393,309,0,103,309,0.333333333333333333333333333333333333333333333333333333333333,0.283102625869324372886338027325102451724494104116038527411338,0.387657124490250855167334852399764293403073088078667997425674,0,0,0.64000000,0.65000000,309,309,0,0,309,0,64,0,0,11,11,3,4,11,0,11,53,11,4,11,0,11,53,11,4,0
120,"[1,2)","[0,2)",464,2,95,462,0.205627705627705627705627705627705627705627705627705627705628,0.171273654461373103817342173400594225410781487954774672737160,0.244836709161940977093077250651910027434592980881799487586616,384,2,71,382,0.185863874345549738219895287958115183246073298429319371727749,0.150051517226807985070808712024824536722436509928174359732455,0.227931344610931107655010466025462913662496069496887022689471,0,0,0.82000000,0.83000000,384,384,0,0,384,0,80,0,0,13,13,1,3,13,0,13,67,13,3,13,0,13,67,13,3,0
120,"[1,2)",>=2,125,1,15,124,0.120967741935483870967741935483870967741935483870967741935484,0.0746949806010957422798627808679159142801073086473462860732101,0.190019292318450250672647663674554885861339938630783716026172,91,1,11,90,0.122222222222222222222222222222222222222222222222222222222222,0.0696361596548238399827512632750092156240242674913056271394891,0.205737424104889725567966667504146750118916705443291048323551,0,0,0.87000000,0.88000000,91,91,0,0,91,0,34,0,0,6,6,1,2,6,0,6,28,6,2,6,0,6,28,6,2,0
120,"[2,4)",<-2,182,2,105,180,0.583333333333333333333333333333333333333333333333333333333333,0.510305304279413009094688521901242014492551214816733401983176,0.652878779400318149395171347634386457655550460392868993125448,96,1,57,95,0.6,0.499456028552734729556352173499405092058922348523343724019597,0.692771000739370678146302300584974229228927691698495995703801,0,0,0.45000000,0.46000000,96,96,0,0,96,0,86,0,0,9,9,3,5,9,0,9,77,9,5,9,0,9,77,9,5,0
120,"[2,4)","[-2,0)",524,0,157,524,0.299618320610687022900763358778625954198473282442748091603053,0.261970030889138084546257632826768316799577985463569257077656,0.340183235985383311119666591772899908972369554805686462379696,410,0,119,410,0.290243902439024390243902439024390243902439024390243902439024,0.248418860790565687932897729207445180414394912622202615903155,0.335963041181892884135719543007130502978204274437042887466499,0,0,0.77000000,0.78000000,410,410,0,0,410,0,114,0,0,21,21,4,7,21,0,21,93,21,7,21,0,21,93,21,7,0
120,"[2,4)","[0,2)",663,0,93,663,0.140271493212669683257918552036199095022624434389140271493213,0.115905059174572942101168597034843631318037182956897016102237,0.168782487332250165688133185059484013351589077112955688249307,564,0,77,564,0.136524822695035460992907801418439716312056737588652482269504,0.110636851961663536038188886848737390096726888581620612518731,0.167330627109876619119495488939528389174316122621482216704967,0,2,0.89000000,0.90000000,564,564,0,0,564,0,99,0,2,15,15,2,7,15,0,15,84,15,7,15,0,15,84,15,7,0
120,"[2,4)",>=2,234,0,23,234,0.0982905982905982905982905982905982905982905982905982905982906,0.0663914763100165008396005335715799961930195388575330117545105,0.143166012396227156634084505387289824148643949131420141782176,165,0,16,165,0.0969696969696969696969696969696969696969696969696969696969697,0.0605720051691807513013425135017025009287457595272404460376809,0.151706774409222189080166273064806349396238854058432519463703,0,1,0.91000000,0.92000000,165,165,0,0,165,0,69,0,1,9,9,0,2,9,0,9,60,9,2,9,0,9,60,9,2,0
120,"[4,8)",<-2,272,2,104,270,0.385185185185185185185185185185185185185185185185185185185185,0.329135772082138167544242693289151495523068831641144845450498,0.444455851819499195643724766922790143838910978522249484807308,159,2,58,157,0.369426751592356687898089171974522292993630573248407643312102,0.297890063022859120052958580384230628860199270975084646965334,0.447200535504310710781147494396503186609032587088011250644252,0,0,0.66000000,0.67000000,159,159,0,0,159,0,113,0,0,11,11,3,4,11,0,11,102,11,4,11,0,11,102,11,4,0
120,"[4,8)","[-2,0)",498,0,73,498,0.146586345381526104417670682730923694779116465863453815261044,0.118228540929127693183459574389332678621030624435140455869373,0.180354719156268833879083715549408914006881573789428572030741,404,0,59,404,0.146039603960396039603960396039603960396039603960396039603960,0.114938430113790967432886133971082451287014095572793888316503,0.183808683955995737887421361445193028123047677742330130573203,0,2,0.88000000,0.89000000,404,404,0,0,404,0,94,0,2,26,26,3,6,26,0,26,68,26,6,26,0,26,68,26,6,0
120,"[4,8)","[0,2)",673,1,47,672,0.0699404761904761904761904761904761904761904761904761904761905,0.0530016686788777293870120491221945217985753416819559984415044,0.0917681697850455197923783325360575318229967097092808012485864,601,1,39,600,0.065,0.0479105892133988652072046150911096422771904665044314714746987,0.0876240906685207520402659405700697829139863647469380284230617,0,21,0.94000000,0.95000000,601,601,0,0,601,0,72,0,21,10,10,2,4,10,0,10,62,10,4,10,0,10,62,10,4,0
120,"[4,8)",>=2,345,3,21,342,0.0614035087719298245614035087719298245614035087719298245614035,0.0405090352434114203944092108914407795830288596755446706400032,0.0920414662985717479426774137559659661991632730838691187027340,266,3,14,263,0.0532319391634980988593155893536121673003802281368821292775665,0.0319706270991832135585580342174139275827725834874555123845056,0.0873566279736134125201013337809683961379161758097703397081876,0,22,0.95000000,0.96000000,266,266,0,0,266,0,79,0,22,16,16,1,2,16,0,16,63,16,2,16,0,16,63,16,2,0
120,"[8,infinity)",<-2,345,4,51,341,0.149560117302052785923753665689149560117302052785923753665689,0.115620450401157014836603926660294248327105623594471635948520,0.191307432292113046964625651293023652468987229405534957268370,260,3,29,257,0.112840466926070038910505836575875486381322957198443579766537,0.0797245691332569011215276613637078116735834765143181564951798,0.157359900108286343095108022567854415474595615980895286516474,0,16,0.91000000,0.92000000,260,260,0,0,260,0,85,0,16,13,13,0,1,13,0,13,72,13,1,13,0,13,72,13,1,0
120,"[8,infinity)","[-2,0)",322,3,14,319,0.0438871473354231974921630094043887147335423197492163009404389,0.0263199214350932875361257656451583562098423798291072064146684,0.0723088573376443381778165175579618888401115488859555530647328,275,3,8,272,0.0294117647058823529411764705882352941176470588235294117647059,0.0149772359854733910170405500441273141724853155059105443040176,0.0569534263069984428644527852299382561034876663476576075364578,0,44,0.96000000,0.97000000,275,275,0,0,275,0,47,0,44,15,15,0,3,15,0,15,32,15,3,15,0,15,32,15,3,0
120,"[8,infinity)","[0,2)",467,3,11,464,0.0237068965517241379310344827586206896551724137931034482758621,0.0132881316587319770383250849917329974823302141896096874511813,0.0419473724495052012925836230465385290147915391608939811998153,429,3,9,426,0.0211267605633802816901408450704225352112676056338028169014085,0.0111538797712400802885104448608992240974078806026175088774564,0.0396589452192063695954016445989718874686223117146223612775370,0,147,0.98000000,0.99000000,429,429,0,0,429,0,38,0,147,17,17,1,4,17,0,17,21,17,4,17,0,17,21,17,4,0
120,"[8,infinity)",>=2,590,4,14,586,0.0238907849829351535836177474402730375426621160409556313993174,0.0142836338776028824717163132718455443995496893845093948513288,0.0396994463968096499254421570203216410297312549473726241717602,525,4,12,521,0.0230326295585412667946257197696737044145873320537428023032630,0.0132238080949567935155312008525500025146881273431126949327277,0.0398235614540365340994074815790917476400209330157405536022071,0,260,0.99000000,0.99900000,525,525,0,0,525,0,65,0,260,19,19,1,3,19,0,19,46,19,3,19,0,19,46,19,3,0
90,"[0,1)",<-2,115,0,98,115,0.852173913043478260869565217391304347826086956521739130434783,0.775970508393773037404134699383977067669989797700023285986738,0.905609815541928192434653598461472891890051345443958023786640,71,0,61,71,0.859154929577464788732394366197183098591549295774647887323944,0.759782507165241986508132943034933818247705910242493935133007,0.921657977876428331635819897615623413499180259220751057125661,0,0,0.17000000,0.18000000,71,71,0,0,71,0,44,0,0,8,8,0,1,8,0,8,36,8,1,8,0,8,36,8,1,0
90,"[0,1)","[-2,0)",481,1,250,480,0.520833333333333333333333333333333333333333333333333333333333,0.476154376717154294650388577573274471984066566564512336238423,0.565181477487542458104719548394900879290404999871359288524675,410,1,209,409,0.511002444987775061124694376528117359413202933985330073349633,0.462680618248964572194818668258940698584964030211422013768613,0.559119517875224671313549996117066785960304904665059030982825,0,0,0.50000000,0.51000000,410,410,0,0,410,0,71,0,0,14,14,0,1,14,0,14,57,14,1,14,0,14,57,14,1,0
90,"[0,1)","[0,2)",492,1,124,491,0.252545824847250509164969450101832993890020366598778004073320,0.216138159474156526892863186238777634818945503515272894630268,0.292795468320253711611118443223775087372888611779050671148482,407,1,97,406,0.238916256157635467980295566502463054187192118226600985221675,0.200007180593035126485118009700022106698303729818688733221727,0.282719626475182629262942125975525894184988508965654949747319,0,0,0.75000000,0.76000000,407,407,0,0,407,0,85,0,0,11,11,3,7,11,0,11,74,11,7,11,0,11,74,11,7,0
90,"[0,1)",>=2,128,2,15,126,0.119047619047619047619047619047619047619047619047619047619048,0.0734866555936533738436691200889452842190558415746391575099850,0.187150117345164493683057631700581253057412924740885127365329,80,2,8,78,0.102564102564102564102564102564102564102564102564102564102564,0.0528933476574638596527049679563819370417454390695540542701238,0.189544398524023902420385892681774122711521867810258508155206,0,2,0.89000000,0.90000000,80,80,0,0,80,0,48,0,2,3,3,1,3,3,0,3,45,3,3,3,0,3,45,3,3,0
90,"[1,2)",<-2,119,1,90,118,0.762711864406779661016949152542372881355932203389830508474576,0.678437662067740205923286708713057097298250898819994651652897,0.830420329293322101889898974783398516203579182967191756207767,71,1,54,70,0.771428571428571428571428571428571428571428571428571428571429,0.660496684060150909894479755201041020143113455915462678842031,0.854119367774275620669371848413437913235967985616058577430589,0,0,0.28000000,0.29000000,71,71,0,0,71,0,48,0,0,4,4,0,2,4,0,4,44,4,2,4,0,4,44,4,2,0
90,"[1,2)","[-2,0)",340,1,116,339,0.342182890855457227138643067846607669616519174041297935103245,0.293699327868303894637312390955564087415327460302595024299466,0.394203061860002170341212863105650119979544290795609547849104,262,1,85,261,0.325670498084291187739463601532567049808429118773946360153257,0.271703347442007880208578381759817569202226561230796364909086,0.384694859979097513800524831788809581171705770888250775378704,0,0,0.67000000,0.68000000,262,262,0,0,262,0,78,0,0,5,5,6,7,5,0,5,73,5,7,5,0,5,73,5,7,0
90,"[1,2)","[0,2)",448,1,60,447,0.134228187919463087248322147651006711409395973154362416107383,0.105723516766690915834132599768759231155282187515380512326153,0.168966080646637443665894835783928517794806376325870146605893,372,1,44,371,0.118598382749326145552560646900269541778975741239892183288410,0.0895441628725082409310782506203669603315793192063908409140822,0.155469980199180636305313368809494325136113979702523786469172,0,1,0.89000000,0.90000000,372,372,0,0,372,0,76,0,1,8,8,3,9,8,0,8,68,8,9,8,0,8,68,8,9,0
90,"[1,2)",>=2,112,0,6,112,0.0535714285714285714285714285714285714285714285714285714285714,0.0247809390160419427728907186701153553052756909709929137886983,0.111970263722300804573030627775713862314486211790825073882496,75,0,3,75,0.04,0.0136960642601439249874578528834765185961039592109134435970841,0.111129870824037464193837551280267477634191938241237911150270,0,7,0.93000000,0.94000000,75,75,0,0,75,0,37,0,7,4,4,1,1,4,0,4,33,4,1,4,0,4,33,4,1,0
90,"[2,4)",<-2,192,1,110,191,0.575916230366492146596858638743455497382198952879581151832461,0.505010782889839441802275466806271012947215937063486895066285,0.643828176618710018728824946664315523500509372462310486053935,128,1,74,127,0.582677165354330708661417322834645669291338582677165354330709,0.495721009826252792119216198499431845289890140446272080183097,0.664778576385014683407116737565743236369624588603935618353217,0,0,0.44500000,0.45500000,128,128,0,0,128,0,64,0,0,6,6,4,5,6,0,6,58,6,5,6,0,6,58,6,5,0
90,"[2,4)","[-2,0)",493,0,96,493,0.194726166328600405679513184584178498985801217038539553752535,0.162187015439892226593624123534168744698485048128022286486145,0.231985925130616099346212170092139202400751870381009740642793,385,0,79,385,0.205194805194805194805194805194805194805194805194805194805195,0.167861922932000322744681716532515701112267401790951184998722,0.248352591105516012795300717625293987889196699054674508233438,0,1,0.83000000,0.84000000,385,385,0,0,385,0,108,0,1,23,23,1,5,23,0,23,85,23,5,23,0,23,85,23,5,0
90,"[2,4)","[0,2)",644,0,57,644,0.0885093167701863354037267080745341614906832298136645962732919,0.0689418331953144491727297029318504236979812313390823111974685,0.112956773657059927644792380955122498262632473695987393720665,557,0,47,557,0.0843806104129263913824057450628366247755834829443447037701975,0.0640477173965665179567668040179772786561241744512086637923335,0.110407036762353262207648150262414190141832285840703265650847,0,11,0.94000000,0.95000000,557,557,0,0,557,0,87,0,11,12,12,0,1,12,0,12,75,12,1,12,0,12,75,12,1,0
90,"[2,4)",>=2,226,0,13,226,0.0575221238938053097345132743362831858407079646017699115044248,0.0339209255001247138449335341972574757548610071418903088827505,0.0959140441080968292569245450563510019004418372924670808839799,153,0,11,153,0.0718954248366013071895424836601307189542483660130718954248366,0.0406166089221096680960874130349060127008697018044272824493576,0.124145049219803295802837813180362913491644151630887524424522,0,15,0.96000000,0.97000000,153,153,0,0,153,0,73,0,15,18,18,1,2,18,0,18,55,18,2,18,0,18,55,18,2,0
90,"[4,8)",<-2,246,1,86,245,0.351020408163265306122448979591836734693877551020408163265306,0.293973807057220753041000368667553630793841715570854331703823,0.412666716809016996564050346500057003946601791093400136965039,150,0,47,150,0.313333333333333333333333333333333333333333333333333333333333,0.244549141020204325935674023870351871638832586075580372209531,0.391439750210544269897611571008657127382379672428302146759699,0,0,0.69000000,0.70000000,150,150,0,0,150,0,96,0,0,11,11,0,1,11,0,11,85,11,1,11,0,11,85,11,1,0
90,"[4,8)","[-2,0)",515,2,55,513,0.107212475633528265107212475633528265107212475633528265107212,0.0832999520573266691114286644757951185689939428681100338904929,0.136963838468403420816242143000428732984952008121172409101835,398,2,36,396,0.0909090909090909090909090909090909090909090909090909090909091,0.0663885438250849149074419699340021049613827636875353019256809,0.123290282988881500314426640959081623291986596351648544332270,0,30,0.94000000,0.95000000,398,398,0,0,398,0,117,0,30,18,18,6,9,18,0,18,99,18,9,18,0,18,99,18,9,0
90,"[4,8)","[0,2)",675,0,20,675,0.0296296296296296296296296296296296296296296296296296296296296,0.0192611703593321244302785045802439701781186066050422495457304,0.0453215952496761408269806190310028544794519496756822290394192,599,0,17,599,0.0283806343906510851419031719532554257095158597662771285475793,0.0177937198488329097987846870541345626423688331345672177181730,0.0449781055905144561869822300327942087859337344410380387556638,0,139,0.97000000,0.98000000,599,599,0,0,599,0,76,0,139,21,21,1,5,21,0,21,55,21,5,21,0,21,55,21,5,0
90,"[4,8)",>=2,363,1,7,362,0.0193370165745856353591160220994475138121546961325966850828729,0.0093977339903647478802448846138855106907287665021579686767322,0.0393705463412489640870321236637115993357719585614072764644300,299,1,4,298,0.0134228187919463087248322147651006711409395973154362416107383,0.0052319214083423803682951072923951390972156658508460454475320,0.0339988021210201789448690709740717246569095870793258797122072,0,116,0.98000000,0.99000000,299,299,0,0,299,0,64,0,116,16,16,4,6,16,0,16,48,16,6,16,0,16,48,16,6,0
90,"[8,infinity)",<-2,368,4,47,364,0.129120879120879120879120879120879120879120879120879120879121,0.0985073862565878448699626711665479051106484836611390365382008,0.167480735730464620519141538028272648546860171799881797230939,282,4,32,278,0.115107913669064748201438848920863309352517985611510791366906,0.0827263963883188401281342426037165803660817098632712493704378,0.157981479254116225779347494175289194204432382818202343875088,0,76,0.95450000,0.96000000,282,282,0,0,282,0,86,0,76,19,19,4,4,19,0,19,67,19,4,19,0,19,67,19,4,0
90,"[8,infinity)","[-2,0)",374,3,3,371,0.00808625336927223719676549865229110512129380053908355795148248,0.0027537908626446688935063837705621792091767110087505203503069,0.0235011993181554731251612525965734009876715367006270025998255,342,3,2,339,0.00589970501474926253687315634218289085545722713864306784660767,0.00161940570183765310276383685799609425934685553237240629912202,0.0212525621391205877178526127729081999208590941676138709884576,0,168,0.99000000,0.99900000,342,342,0,0,342,0,32,0,168,16,16,2,3,16,0,16,16,16,3,16,0,16,16,16,3,0
90,"[8,infinity)","[0,2)",506,4,9,502,0.0179282868525896414342629482071713147410358565737051792828685,0.0094602398149782246363910307524946304899760124058435814141583,0.0337182273506328050239794427372609288285317600105276862847689,462,4,7,458,0.0152838427947598253275109170305676855895196506550218340611354,0.0074227855422682481767755817819363992706169694660463508494334,0.0312083474579003532709383979010729585459736419388812106167356,0,310,0.99000000,1.00000000,462,462,0,0,462,0,44,0,310,21,21,1,1,21,0,21,23,21,1,21,0,21,23,21,1,0
90,"[8,infinity)",>=2,636,3,4,633,0.00631911532385466034755134281200631911532385466034755134281201,0.00246004390918778132149794990271788518209092762586061331619217,0.0161340012125324529209909639225112958377625639799755278538588,595,3,4,592,0.00675675675675675675675675675675675675675675675675675675675676,0.00263061630140836534035018309637733583484898919611569546015953,0.0172428897217056815477770978069926765663325988854375693740125,0,469,0.99000000,1.00000000,595,595,0,0,595,0,41,0,469,20,20,4,5,20,0,20,21,20,5,20,0,20,21,20,5,0
60,"[0,1)",<-2,119,0,106,119,0.890756302521008403361344537815126050420168067226890756302521,0.822035805061349930370901943365193407976254429700472430824607,0.935037587690747772246287402323806680430588051651845840472707,76,0,69,76,0.907894736842105263157894736842105263157894736842105263157895,0.821872921510637747394620762343419119748278876701070496384918,0.954665995936223914252729024864636534145414897428909883284658,0,0,0.08000000,0.09500000,76,76,0,0,76,0,43,0,0,1,1,3,8,1,0,1,42,1,8,1,0,1,42,1,8,0
60,"[0,1)","[-2,0)",451,0,219,451,0.485587583148558758314855875831485587583148558758314855875831,0.439777967665864470110852595003259676432176893789564208336342,0.531640644802519132758852528446409583764149719412577228911916,380,0,175,380,0.460526315789473684210526315789473684210526315789473684210526,0.411056099929292527751858738425425897970077234905294470223003,0.510786631462539594706146666125533022782910826138836901960355,0,0,0.55000000,0.56500000,380,380,0,0,380,0,71,0,0,4,4,0,4,4,0,4,67,4,4,4,0,4,67,4,4,0
60,"[0,1)","[0,2)",459,2,57,457,0.124726477024070021881838074398249452954048140043763676148796,0.0975264998738651755212017745703806244929439017206792786647516,0.158182826110506186056812994507634151446604097603138469365044,380,1,46,379,0.121372031662269129287598944591029023746701846965699208443272,0.0922398307666004489638192974739927626827052680633041749639718,0.158102593264287993598533648658372648528543126926090718773642,0,1,0.87000000,0.89000000,380,380,0,0,380,0,79,0,1,2,2,2,10,2,0,2,77,2,10,2,0,2,77,2,10,0
60,"[0,1)",>=2,91,0,6,91,0.0659340659340659340659340659340659340659340659340659340659341,0.0305662864716154794942349571051068828857005336877255451462319,0.136464661994115687673736546084826320774572399477654633287366,60,0,4,60,0.0666666666666666666666666666666666666666666666666666666666667,0.0262286987245062026784122294324650238956524006538517753538919,0.159253573131971671375516809376252744500410978572770730569222,0,6,0.94500000,0.95500000,60,60,0,0,60,0,31,0,6,0,0,1,6,0,0,0,31,0,6,0,0,0,31,0,6,0
60,"[1,2)",<-2,100,1,80,99,0.808080808080808080808080808080808080808080808080808080808081,0.719596393856990869577766139009011720047559164516601356595527,0.873549606788085185085980841837091729324324455525750305309265,64,1,52,63,0.825396825396825396825396825396825396825396825396825396825397,0.713785724792410303013459825321317111865395698189659763967118,0.899606034205321120582991791672683536944615970809441220788458,0,0,0.15000000,0.17000000,64,64,0,0,64,0,36,0,0,2,2,0,0,2,0,2,34,2,0,2,0,2,34,2,0,0
60,"[1,2)","[-2,0)",347,1,97,346,0.280346820809248554913294797687861271676300578034682080924855,0.235629397974602173884104166415447674189279277023038836220326,0.329888078106169404683186748929594860980817448985277531751170,250,1,64,249,0.257028112449799196787148594377510040160642570281124497991968,0.206729043936158634208911374036895450180379325440711873995019,0.314710198803661359851512074750722045741518210085262860712479,0,0,0.80000000,0.81500000,250,250,0,0,250,0,97,0,0,4,4,5,17,4,0,4,93,4,17,4,0,4,93,4,17,0
60,"[1,2)","[0,2)",397,0,23,397,0.0579345088161209068010075566750629722921914357682619647355164,0.0389117020538386053983371808953434728276980245402852293782456,0.0854303731579707339792147817407968214036409394324932972709854,325,0,16,325,0.0492307692307692307692307692307692307692307692307692307692308,0.0305274251998313285768347372936587001378238555363963314117553,0.0784657016073248001229742707780704212740177742857097308442209,0,22,0.95000000,0.97000000,325,325,0,0,325,0,72,0,22,14,14,1,8,14,0,14,58,14,8,14,0,14,58,14,8,0
60,"[1,2)",>=2,91,0,5,91,0.0549450549450549450549450549450549450549450549450549450549451,0.0236950997034267737361463274487270721081000005375063833619148,0.122248024672829233106963694809305706328382373973832786930761,68,0,4,68,0.0588235294117647058823529411764705882352941176470588235294118,0.0231107655396357694343865918006756699719035110954363437636058,0.141716884331014700144516091062085327934702883224286446103115,0,10,0.97000000,0.98000000,68,68,0,0,68,0,23,0,10,1,1,2,7,1,0,1,22,1,7,1,0,1,22,1,7,0
60,"[2,4)",<-2,171,1,108,170,0.635294117647058823529411764705882352941176470588235294117647,0.560688638164710298654612555444270106456145223587834384508376,0.703920277982535872543766696833975487003783876348919757765206,100,0,65,100,0.65,0.552544432968879614551215711184839365737294247466798142430852,0.736357517569024682616439227994699620092436254380291088231812,0,0,0.36000000,0.37000000,100,100,0,0,100,0,71,0,0,3,3,3,9,3,0,3,68,3,9,3,0,3,68,3,9,0
60,"[2,4)","[-2,0)",467,1,50,466,0.107296137339055793991416309012875536480686695278969957081545,0.0823387830905147648657747474475071886603228180408887745027397,0.138675043746599672571485945155958080482253790974066842432210,381,1,40,380,0.105263157894736842105263157894736842105263157894736842105263,0.0782591474616851499297762782078772967431063516561629378968017,0.140168166456636074650277767301711910786774258785150783936774,0,26,0.94000000,0.95000000,381,381,0,0,381,0,86,0,26,3,3,2,13,3,0,3,83,3,13,3,0,3,83,3,13,0
60,"[2,4)","[0,2)",677,0,29,677,0.0428360413589364844903988183161004431314623338257016248153619,0.0299885111363969803199788902853427911243881264562194796828462,0.0608424128907789900870804190844753069388389080692465575607378,580,0,24,580,0.0413793103448275862068965517241379310344827586206896551724138,0.0279621411569189802341592763086738344463364731949429351678951,0.0608315853547424018991836473126337598773933857049334099500765,0,164,0.98000000,0.99000000,580,580,0,0,580,0,97,0,164,20,20,2,17,20,0,20,77,20,17,20,0,20,77,20,17,0
60,"[2,4)",>=2,217,3,2,214,0.00934579439252336448598130841121495327102803738317757009345794,0.0025667066674903927957892865640882950613831045416888830361807,0.0334294662517721903463726334532561360978627169983546396706045,173,3,2,170,0.0117647058823529411764705882352941176470588235294117647058824,0.0032322581446411114018625186168912832957452310463674208984334,0.0418746966283400968822471362050920098705975822253458917664868,0,91,0.99000000,1.00000000,173,173,0,0,173,0,44,0,91,1,1,2,7,1,0,1,43,1,7,1,0,1,43,1,7,0
60,"[4,8)",<-2,247,0,80,247,0.323886639676113360323886639676113360323886639676113360323887,0.268610767429364679022916882530457630099280093647265669113086,0.384556614035319250546976763526991068059274822690006600714540,150,0,43,150,0.286666666666666666666666666666666666666666666666666666666667,0.220338126872052678715323365658304448667814278317764672729560,0.363649177391660002237003028489134407356428302829529634663848,0,2,0.80500000,0.82000000,150,150,0,0,150,0,97,0,2,3,3,2,11,3,0,3,94,3,11,3,0,3,94,3,11,0
60,"[4,8)","[-2,0)",511,2,10,509,0.0196463654223968565815324165029469548133595284872298624754420,0.0107058508632353291425137264212464798394575515462384052778570,0.0357830950100542680449222822522630111199048050291190823763948,428,2,8,426,0.0187793427230046948356807511737089201877934272300469483568075,0.0095458245397498770026540628196850122755234521085106124249925,0.0366141221418262123414732819806756635628892411514608257209565,0,181,0.98000000,0.99000000,428,428,0,0,428,0,83,0,181,3,3,0,16,3,0,3,80,3,16,3,0,3,80,3,16,0
60,"[4,8)","[0,2)",715,1,7,714,0.00980392156862745098039215686274509803921568627450980392156863,0.00475697284003460143580726743397649595204408132601082098610787,0.0200973436688014394808442049050779052475296789367827925045265,648,1,6,647,0.00927357032457496136012364760432766615146831530139103554868624,0.00425689442558623930634006026802128384463169249778212549029252,0.0200830713310488552808511906080440527072813648939892218323411,0,493,0.99000000,1.00000000,648,648,0,0,648,0,67,0,493,7,7,0,19,7,0,7,60,7,19,7,0,7,60,7,19,0
60,"[4,8)",>=2,355,2,2,353,0.00566572237960339943342776203966005665722379603399433427762040,0.00155512298069094736861020589292887109985376678319808432686190,0.0204195064432805121557050095216841436878945208546024735151519,309,2,2,307,0.00651465798045602605863192182410423452768729641693811074918567,0.0017883759898409812097048709027447335163723086892148923126134,0.0234381779275288197010050318738134287976014353845806386929946,0,255,0.99000000,1.00000000,309,309,0,0,309,0,46,0,255,7,7,3,17,7,0,7,39,7,17,7,0,7,39,7,17,0
60,"[8,infinity)",<-2,438,1,21,437,0.0480549199084668192219679633867276887871853546910755148741419,0.0316428623151100801068588403317458520122645657420809622479868,0.0723434073595383610314065510377753081996731833957778027842092,367,1,11,366,0.0300546448087431693989071038251366120218579234972677595628415,0.0168633721142447827137571444016471366047909430855248135792311,0.0530083477926965721448308941324717016755207623636102065085341,0,227,0.99000000,1.00000000,367,367,0,0,367,0,71,0,227,5,5,3,12,5,0,5,66,5,12,5,0,5,66,5,12,0
60,"[8,infinity)","[-2,0)",445,7,2,438,0.00456621004566210045662100456621004566210045662100456621004566,0.00125311393501555329549317791312547402599671145082249668413771,0.0164941088847341577677545170543318331307024976468634524993024,419,7,2,412,0.00485436893203883495145631067961165048543689320388349514563107,0.00133225404295778380054610078201093059107248693978839316746743,0.0175245930903995193476412337098448493779595544489591330990411,0,340,0.99000000,1.00000000,419,419,0,0,419,0,26,0,340,4,4,1,13,4,0,4,22,4,13,4,0,4,22,4,13,0
60,"[8,infinity)","[0,2)",581,2,0,579,0,0,0.00659091552695450052138811121909145165655985568601419011709374,537,2,0,535,0,0,0.00712910775110275235549813831832140722944151063500831477467837,0,511,0.99000000,1.00000000,537,537,0,0,537,0,44,0,511,10,10,1,24,10,0,10,34,10,24,10,0,10,34,10,24,0
60,"[8,infinity)",>=2,608,3,0,605,0,0,0.00630945669852198368278896315330137980126856307336237865491168,580,3,0,577,0,0,0.00661360989708550426390142351870700558836766589529171494163587,0,555,0.99000000,1.00000000,580,580,0,0,580,0,28,0,555,7,7,0,8,7,0,7,21,7,8,7,0,7,21,7,8,0
30,"[0,1)",<-2,82,0,78,82,0.951219512195121951219512195121951219512195121951219512195122,0.881185380774240632206980689726743952541470403793063014342800,0.980868934432254206788583810124455398986008823018735573953212,65,0,61,65,0.938461538461538461538461538461538461538461538461538461538462,0.852178481344768102690312987895698595654350975887087930792749,0.975810945033649713214049246131715161510225289074181803042283,0,0,0.01000000,0.02000000,65,65,0,0,65,0,17,0,0,4,4,0,0,4,0,4,13,4,0,4,0,4,13,4,0,0
30,"[0,1)","[-2,0)",417,0,170,417,0.407673860911270983213429256594724220623501199040767386091127,0.361560122795511083372568548760384011391680659188246966869118,0.455473112913314325483544962394471602495749528172955990672838,337,0,140,337,0.415430267062314540059347181008902077151335311572700296735905,0.364058177677671612410088127266668724499255348764404595601845,0.468708645357240079131281986363208618296696730738721415011223,0,18,0.73000000,0.75000000,337,337,0,0,337,0,80,0,18,10,10,3,5,10,0,10,70,10,5,10,0,10,70,10,5,0
30,"[0,1)","[0,2)",458,2,19,456,0.0416666666666666666666666666666666666666666666666666666666667,0.0268344682720986039338560542563601027330776278562556717648234,0.0641565853140665258883450695794799345121988900649944264759336,399,2,14,397,0.0352644836272040302267002518891687657430730478589420654911839,0.0211205537938872706309330102024048999576431473229357883766903,0.0583159868133994707659805915432810503881234558279339447673731,0,111,0.98000000,0.99000000,399,399,0,0,399,0,59,0,111,10,10,2,5,10,0,10,49,10,5,10,0,10,49,10,5,0
30,"[0,1)",>=2,91,1,0,90,0,0,0.0409356255643267779347737319135887781891865818252014822304956,70,1,0,69,0,0,0.0527372581890517220139499189787857848418585032034563954288949,0,60,0.99000000,1.00000000,70,70,0,0,70,0,21,0,60,6,6,1,1,6,0,6,15,6,1,6,0,6,15,6,1,0
30,"[1,2)",<-2,95,0,77,95,0.810526315789473684210526315789473684210526315789473684210526,0.720264034303489232898808855693404912755248979829353861065391,0.876651477708838085756802405937036137559653776648990531759891,66,0,51,66,0.772727272727272727272727272727272727272727272727272727272727,0.658305446353616924510436381990074107914994405478763459168794,0.857147704366269643054431231294663134005524375247379428846398,0,0,0.09500000,0.10500000,66,66,0,0,66,0,29,0,0,6,6,5,5,6,0,6,23,6,5,6,0,6,23,6,5,0
30,"[1,2)","[-2,0)",285,1,36,284,0.126760563380281690140845070422535211267605633802816901408451,0.0929849998961212025418110349890394151576072547979006516024600,0.170498443842045280464214498329877639322207934438311907908754,240,1,24,239,0.100418410041841004184100418410041841004184100418410041841004,0.0684125898137627885159443270143221265365361446454299386934105,0.145066027356677186781518834376556213597504280474800416153676,0,99,0.98000000,0.99000000,240,240,0,0,240,0,45,0,99,10,10,3,6,10,0,10,35,10,6,10,0,10,35,10,6,0
30,"[1,2)","[0,2)",379,1,5,378,0.0132275132275132275132275132275132275132275132275132275132275,0.0056628818765608806894172567614704780770545123059339923148358,0.0305863480091698485046221097420376556690366508722292525037962,344,1,4,343,0.0116618075801749271137026239067055393586005830903790087463557,0.0045441382943590313249135004048349501111532972525211551031640,0.0295967019066844611700425810913888743150038674383717432113864,0,282,0.99000000,1.00000000,344,344,0,0,344,0,35,0,282,8,8,2,5,8,0,8,27,8,5,8,0,8,27,8,5,0
30,"[1,2)",>=2,116,0,1,116,0.00862068965517241379310344827586206896551724137931034482758621,0.0015233877766386063918144066273284061815738587135940822543264,0.0472198341281787497401099972292859611209561665301013841780096,101,0,1,101,0.00990099009900990099009900990099009900990099009900990099009901,0.0017499112489682294303191566230884308380149125348617859094514,0.0539671579944550511088484508364502720325053764713834327936198,0,95,0.99000000,1.00000000,101,101,0,0,101,0,15,0,95,6,6,3,3,6,0,6,9,6,3,6,0,6,9,6,3,0
30,"[2,4)",<-2,141,0,65,141,0.460992907801418439716312056737588652482269503546099290780142,0.380841423181723781769252310324589959689781876442479754002944,0.543213470427036374735509121706157249287245100543843430577174,91,0,43,91,0.472527472527472527472527472527472527472527472527472527472527,0.373158036360565453393495690358473028788417965692289951819756,0.574122403415746645794350607311775908152105637672607527827940,0,10,0.67000000,0.76000000,91,91,0,0,91,0,50,0,10,5,5,4,8,5,0,5,45,5,8,5,0,5,45,5,8,0
30,"[2,4)","[-2,0)",530,0,8,530,0.0150943396226415094339622641509433962264150943396226415094340,0.0076679434055577591538179606051926597713964892820591129470350,0.0294993812614431316568041879609239730581079801078996280130366,480,0,6,480,0.0125,0.0057411122642340481497062284140160427144539746134085580808476,0.0269998993458619373807636239306807374629113707871954224626584,0,380,0.99000000,1.00000000,480,480,0,0,480,0,50,0,380,16,16,3,8,16,0,16,34,16,8,16,0,16,34,16,8,0
30,"[2,4)","[0,2)",658,0,0,658,0,0,0.00580419792307820931204129462371734820578359888999792096952729,615,0,0,615,0,0,0.00620750075150858046942248338458489746664725024397385119092729,0,608,0.99000000,1.00000000,615,615,0,0,615,0,43,0,608,31,31,1,4,31,0,31,12,31,4,31,0,31,12,31,4,0
30,"[2,4)",>=2,180,2,0,178,0,0,0.0211253189762518284571776707073542034914253344488032569962098,160,2,0,158,0,0,0.0237359379276858728353263332774803808416753902665278590251758,0,158,0.99000000,1.00000000,160,160,0,0,160,0,20,0,158,12,12,0,1,12,0,12,8,12,1,12,0,12,8,12,1,0
30,"[4,8)",<-2,250,3,17,247,0.0688259109311740890688259109311740890688259109311740890688259,0.0434122070847275367442011539454202495093022646630139132958185,0.107445864777084842547607427781436908051297702921342333523541,210,3,13,207,0.0628019323671497584541062801932367149758454106280193236714976,0.0370655942257135263671697378030943137425004821444021095424334,0.104469467178278148051913092734822474384149205843060574628605,0,154,0.99000000,1.00000000,210,210,0,0,210,0,40,0,154,11,11,2,3,11,0,11,29,11,3,11,0,11,29,11,3,0
30,"[4,8)","[-2,0)",565,2,1,563,0.00177619893428063943161634103019538188277087033747779751332149,0.00031361156571686111284318927421069374795161517928461882863920,0.00999166644420005628300735068719167432505579972403777343000056,541,2,1,539,0.00185528756957328385899814471243042671614100185528756957328386,0.00032757892024624896831260331130735051815630001850023663049611,0.0104333140177848831725708731600353564818370365964058771754152,0,529,0.99000000,1.00000000,541,541,0,0,541,0,24,0,529,15,15,2,4,15,0,15,9,15,4,15,0,15,9,15,4,0
30,"[4,8)","[0,2)",696,2,0,694,0,0,0.00550477299985291239961080242766467864892041864368150515196030,666,2,0,664,0,0,0.00575205203264492412663891511570152327076012877129445192131854,0,666,0.99000000,1.00000000,666,666,0,0,666,0,30,0,666,20,20,0,5,20,0,20,10,20,5,20,0,20,10,20,5,0
30,"[4,8)",>=2,301,0,0,301,0,0,0.0126014973014338168963529029229615681905503386503574292770292,284,0,0,284,0,0,0.0133457453850909489326002427479832239257901591654922967037010,0,283,0.99000000,1.00000000,284,284,0,0,284,0,17,0,283,12,12,0,1,12,0,12,5,12,1,12,0,12,5,12,1,0
30,"[8,infinity)",<-2,465,1,1,464,0.00215517241379310344827586206896551724137931034482758620689655,0.00038054220939085268816053270633763412416831765221650131907749,0.0121054371978615825807983431164710655176195783838303197595658,437,1,1,436,0.00229357798165137614678899082568807339449541284403669724770642,0.00040498763116436452040336363896546891254182286975183196274301,0.0128758405025824716183462931661517806307024028514322194354286,0,429,0.99000000,1.00000000,437,437,0,0,437,0,28,0,429,18,18,1,4,18,0,18,10,18,4,18,0,18,10,18,4,0
30,"[8,infinity)","[-2,0)",465,3,0,462,0,0,0.00824627938959965213460946291270942946530516397976934584405500,443,3,0,440,0,0,0.00865502477146016642084643407249873915018166376729154741777755,0,440,0.99000000,1.00000000,443,443,0,0,443,0,22,0,440,16,16,0,6,16,0,16,6,16,6,16,0,16,6,16,6,0
30,"[8,infinity)","[0,2)",659,1,0,658,0,0,0.00580419792307820931204129462371734820578359888999792096952729,619,1,0,618,0,0,0.00617755340401289752758463765466475040892437725502115947260798,0,615,0.99000000,1.00000000,619,619,0,0,619,0,40,0,615,30,30,1,5,30,0,30,10,30,5,30,0,30,10,30,5,0
30,"[8,infinity)",>=2,638,8,0,630,0,0,0.00606059885675737411166086410883943469107993581116976443242717,617,8,0,609,0,0,0.00626827504145417742690671807111197841795724607887959489365358,0,616,0.99000000,1.00000000,617,617,0,0,617,0,21,0,616,17,17,0,3,17,0,17,4,17,3,17,0,17,4,17,3,0
15,"[0,1)",<-2,91,0,83,91,0.912087912087912087912087912087912087912087912087912087912088,0.836013611163622587296311173567742874594533315137707670319068,0.954779792191695924885994361378523071297612634388830134965496,62,0,58,62,0.935483870967741935483870967741935483870967741935483870967742,0.845524842722471222755082712112909945417891525213040109548928,0.974627094479559198596148239260553039249594926095533983618314,0,0,0E-8,0.01000000,62,62,0,0,62,0,29,0,0,1,1,2,4,1,0,1,28,1,4,2,0,1,28,1,4,0
15,"[0,1)","[-2,0)",420,0,132,420,0.314285714285714285714285714285714285714285714285714285714286,0.271741154149207127918884828609237156794796023988715024421781,0.360196692530403074058620173391816310372376129916820463330943,352,0,105,352,0.298295454545454545454545454545454545454545454545454545454545,0.252887351649245465459359878227226391111220849146128343354597,0.348058528938680215118740155833420285448120307915284381638845,0,124,0.97000000,0.98800000,352,352,0,0,352,0,68,0,124,1,1,4,12,1,0,1,67,1,12,1,0,1,67,1,12,0
15,"[0,1)","[0,2)",449,0,9,449,0.0200445434298440979955456570155902004454342984409799554565702,0.0105806280435535337247137344971714911726466524663262553184483,0.0376513931092234910247916365189162187996169626764308380273229,396,0,8,396,0.0202020202020202020202020202020202020202020202020202020202020,0.0102714462961460940939621814020160783447925502946143604833648,0.0393518691029503188205750782874031091128628719735642246339854,0,280,0.99000000,1.00000000,396,396,0,0,396,0,53,0,280,4,4,3,16,4,0,4,49,4,16,4,0,4,49,4,16,0
15,"[0,1)",>=2,76,1,0,75,0,0,0.0487238424828058578057558740910260828590172798392949508123418,66,1,0,65,0,0,0.0558015313228568766002886804950544874439042592546924087846218,0,64,0.99000000,1.00000000,66,66,0,0,66,0,10,0,64,1,1,0,3,1,0,1,9,1,3,1,0,1,9,1,3,0
15,"[1,2)",<-2,85,0,33,85,0.388235294117647058823529411764705882352941176470588235294118,0.291612996946894149613290847919316995964667671828332639741108,0.494522887670364417332440063664373577136189796752575055157482,66,0,27,66,0.409090909090909090909090909090909090909090909090909090909091,0.298674180093403703566351557436276396432010849970092161570870,0.529508102999967440578692571468811189594482889787860209090736,0,12,0.77500000,0.79500000,66,66,0,0,66,0,19,0,12,0,0,0,2,0,0,0,19,0,2,0,0,0,19,0,2,0
15,"[1,2)","[-2,0)",303,0,4,303,0.0132013201320132013201320132013201320132013201320132013201320,0.0051453895493054854898235947662095582252531167931496591904235,0.0334460669839975969824667606201682425573045220972148456484885,273,0,3,273,0.0109890109890109890109890109890109890109890109890109890109890,0.0037441604260291120594386739282100477541726379150893022949019,0.0318049183232931984564314241271113456623834573092173556542847,0,251,0.99000000,1.00000000,273,273,0,0,273,0,30,0,251,1,1,1,11,1,0,1,29,1,11,1,0,1,29,1,11,0
15,"[1,2)","[0,2)",376,1,1,375,0.00266666666666666666666666666666666666666666666666666666666667,0.00047088734527332777593071310708575483278652312686758290058696,0.0149483828657488791985946047645588810552859651117171231483629,354,1,1,353,0.00283286118980169971671388101983002832861189801699716713881020,0.00050024471452441923049816553401120203587445705766137656244509,0.0158696547921059025260480826336941509454998952657426228717865,0,352,0.99000000,1.00000000,354,354,0,0,354,0,22,0,352,2,2,3,12,2,0,2,20,2,12,2,0,2,20,2,12,0
15,"[1,2)",>=2,96,1,0,95,0,1E-61,0.0388648535394729614867276295781033935607497988908014013830293,85,1,0,84,0,0,0.0437317284146598801624975314283815795965094588977717772519719,0,84,0.99000000,1.00000000,85,85,0,0,85,0,11,0,84,4,4,1,6,4,0,4,7,4,6,4,0,4,7,4,6,0
15,"[2,4)",<-2,151,1,17,150,0.113333333333333333333333333333333333333333333333333333333333,0.0719742391403741030328409425145554989155082678960641519943630,0.174002749837605131193250646877677427628431410433406780156187,128,1,10,127,0.0787401574803149606299212598425196850393700787401574803149606,0.0433303639775117709355546692954714974671447058372108266757968,0.138886030088887282335034656467684038839137389002207090305838,0,99,0.99000000,1.00000000,128,128,0,0,128,0,23,0,99,1,1,3,6,1,0,1,22,1,6,1,0,1,22,1,6,0
15,"[2,4)","[-2,0)",513,0,2,513,0.00389863547758284600389863547758284600389863547758284600389864,0.00106979835316267510281582251558895554233537607471844106004002,0.0141020859584914583294036340734878197454028101623653392950365,480,0,1,480,0.00208333333333333333333333333333333333333333333333333333333333,0.00036785420138041886396822672579396089213424374434923563333914,0.0117052303063671902889475626348151436479953184383189325286179,0,476,0.99000000,1.00000000,480,480,0,0,480,0,33,0,476,3,3,1,21,3,0,3,30,3,21,3,0,3,30,3,21,0
15,"[2,4)","[0,2)",608,0,0,608,0,1E-62,0.00627851997492687162396207831900579578620643167108275258240337,578,0,0,578,0,0,0.00660224320982590212876303263873770744797513010965430908839988,0,576,0.99000000,1.00000000,578,578,0,0,578,0,30,0,576,6,6,0,21,6,0,6,24,6,21,6,0,6,24,6,21,0
15,"[2,4)",>=2,178,1,0,177,0,0,0.0212421357676779458800327214502046544369144095470018181246356,162,1,0,161,0,0,0.0233039603518230327975463198982545716919069156739933265700388,0,162,0.99000000,1.00000000,162,162,0,0,162,0,16,0,162,4,4,2,8,4,0,4,12,4,8,4,0,4,12,4,8,0
15,"[4,8)",<-2,214,2,1,212,0.00471698113207547169811320754716981132075471698113207547169811,0.0008331488458669798780941037941044011253550740231438833684785,0.0262305063601831117847431062245737840724443665803197095480193,200,2,1,198,0.00505050505050505050505050505050505050505050505050505050505051,0.0008920951890526747283143587270860234545038097282850952549556,0.0280487322050030995773034628839129110087941959354691882575440,0,189,0.99000000,1.00000000,200,200,0,0,200,0,14,0,189,2,2,1,9,2,0,2,12,2,9,2,0,2,12,2,9,0
15,"[4,8)","[-2,0)",614,2,0,612,0,0,0.00623773986904085397106011433681542773640990484423974383591770,591,2,0,589,0,0,0.00647974051669011322977062942639329291807274719349882595001312,0,589,0.99000000,1.00000000,591,591,0,0,591,0,23,0,589,3,3,1,18,3,0,3,20,3,18,3,0,3,20,3,18,0
15,"[4,8)","[0,2)",720,1,0,719,0,1E-62,0.00531438640357100178327718251882644532224487384414483799535763,690,1,0,689,0,0,0.00554449906510038437412808345829003683149184203054555876301636,0,688,0.99000000,1.00000000,690,690,0,0,690,0,30,0,688,3,3,2,21,3,0,3,27,3,21,3,0,3,27,3,21,0
15,"[4,8)",>=2,304,4,0,300,0,0,0.0126429712245460355451193813208078190838578067162069956520465,281,4,0,277,0,0,0.0136783893547096997757671775033450724802232840224746227545337,0,281,0.99000000,1.00000000,281,281,0,0,281,0,23,0,281,8,8,0,12,8,0,8,15,8,12,8,0,8,15,8,12,0
15,"[8,infinity)",<-2,440,0,0,440,0,0,0.00865502477146016642084643407249873915018166376729154741777755,417,0,0,417,0,0,0.00912804273480773367531602794252975313062841726781341941552684,0,415,0.99000000,1.00000000,417,417,0,0,417,0,23,0,415,3,3,0,17,3,0,3,20,3,17,3,0,3,20,3,17,0
15,"[8,infinity)","[-2,0)",516,4,0,512,0,0,0.00744697572288273853722103619490790756640530300098103097471736,497,4,0,493,0,0,0.00773175980485250727023020849757414591336810905299930024773095,0,495,0.99000000,1.00000000,497,497,0,0,497,0,19,0,495,0,0,1,18,0,0,0,19,0,18,0,0,0,19,0,18,0
15,"[8,infinity)","[0,2)",689,5,0,684,0,0,0.00558480267717551605981209066390714031967328056674338396997736,656,5,0,651,0,1E-62,0.00586624253695271420798423029590642516515369293931305891939739,0,656,0.99000000,1.00000000,656,656,0,0,656,0,33,0,656,4,4,2,26,4,0,4,29,4,26,4,0,4,29,4,26,0
15,"[8,infinity)",>=2,646,4,0,642,0,0,0.00594799043670659530183294350278411793319607677931603445448048,626,4,0,622,0,1E-62,0.00613807021978503518488753154666218735863758982949809440043877,0,625,0.99000000,1.00000000,626,626,0,0,626,0,20,0,625,2,2,0,17,2,0,2,18,2,17,2,0,2,18,2,17,0
10,"[0,1)",<-2,93,0,79,93,0.849462365591397849462365591397849462365591397849462365591398,0.763041902802112055449188642070489122600479468755925917373863,0.908158229781083815746557197444604484717045098389322588366495,61,0,54,61,0.885245901639344262295081967213114754098360655737704918032787,0.781556915275989239412899792520152007543148603880125262615033,0.943287973392677931949715607145761784901655410125256863841251,0,2,0E-8,0.01000000,62,61,1,0,61,0,31,0,2,0,0,3,4,0,0,0,31,0,4,1,0,0,31,0,4,0
10,"[0,1)","[-2,0)",390,0,88,390,0.225641025641025641025641025641025641025641025641025641025641,0.186947779737064295174900064545105123749045211996941250203611,0.269686367818669065038565778392382747943836940859513067741525,345,0,73,345,0.211594202898550724637681159420289855072463768115942028985507,0.171791780686285676136826990987942472064664028717829180406815,0.257748501960316891959105768238949441859896984034752276906585,0,205,0.99000000,1.00000000,345,345,0,0,345,0,45,0,205,1,1,9,13,1,0,1,44,1,13,1,0,1,44,1,13,0
10,"[0,1)","[0,2)",447,1,4,446,0.00896860986547085201793721973094170403587443946188340807174888,0.00349308753852682035741103570259250512643570604822176389719508,0.0228305395716504699629136949081553731747710755088642640133257,406,1,4,405,0.00987654320987654320987654320987654320987654320987654320987654,0.0038473096610590765603995644098885405896390916615097458451144,0.0251161395323052432620157832419585027874336638389544933580126,0,349,0.99000000,1.00000000,406,406,0,0,406,0,41,0,349,3,3,9,14,3,0,3,38,3,14,3,0,3,38,3,14,0
10,"[0,1)",>=2,75,0,1,75,0.0133333333333333333333333333333333333333333333333333333333333,0.0023575511390486614726182927661293335657927855646802571379486,0.0717336555442157067916507580158027204169840334789001616527306,62,0,0,62,0,0,0.0583440721013724791893274262008387953817748151642297448820570,0,62,0.99000000,1.00000000,62,62,0,0,62,0,13,0,62,1,1,2,4,1,0,1,12,1,4,1,0,1,12,1,4,0
10,"[1,2)",<-2,76,0,17,76,0.223684210526315789473684210526315789473684210526315789473684,0.144611828222261495978279047971871519208276100296926398860523,0.329345679313735442905774321983961747508899084969861085879435,52,0,9,52,0.173076923076923076923076923076923076923076923076923076923077,0.093824743913102037489083987849000339260452574420614841214410,0.297308641244807946360650913379962954520511470052797971940200,0,29,0.99000000,1.00000000,52,52,0,0,52,0,24,0,29,0,0,1,2,0,0,0,24,0,2,0,0,0,24,0,2,0
10,"[1,2)","[-2,0)",315,0,2,315,0.00634920634920634920634920634920634920634920634920634920634921,0.0017429117309909872366879771357760065809776175212278842959910,0.0228506867605524281733607765016658409208337955156697991478358,294,0,1,294,0.00340136054421768707482993197278911564625850340136054421768707,0.00060067619985090226571739927761173732255942502128319804172238,0.0190119688758999102523109826932925573416187851430421434582904,0,288,0.99000000,1.00000000,294,294,0,0,294,0,21,0,288,3,3,6,10,3,0,3,18,3,10,3,0,3,18,3,10,0
10,"[1,2)","[0,2)",378,0,1,378,0.00264550264550264550264550264550264550264550264550264550264550,0.00046714892134721620989615158995545907887397322634029255053641,0.0148309772662472244883614620114550254008278674122178054163268,362,0,1,362,0.00276243093922651933701657458563535911602209944751381215469613,0.00048780344189907451792208990913785117828417977401347153215552,0.0154793831080461447585713669297557109180958806365712648207708,0,362,0.99000000,1.00000000,362,362,0,0,362,0,16,0,362,0,0,8,10,0,0,0,16,0,10,0,0,0,16,0,10,0
10,"[1,2)",>=2,84,1,0,83,0,1E-61,0.0442353096419738403383844233759625755395690083553910862604569,75,1,0,74,0,0,0.0493497793963860622025936786532397848191596529491670499794146,0,75,0.99000000,1.00000000,75,75,0,0,75,0,9,0,75,2,2,4,5,2,0,2,7,2,5,2,0,2,7,2,5,0
10,"[2,4)",<-2,149,2,2,147,0.0136054421768707482993197278911564625850340136054421768707483,0.0037390672782065773782540496849311695693677678623069227392712,0.0482457045610481730985963311555467364354059837162858562068818,134,1,0,133,0,0,0.0280723316880716613139581633660357159207289956100888848471254,0,128,0.99000000,1.00000000,134,134,0,0,134,0,15,0,128,4,4,3,3,4,0,4,11,4,3,4,0,4,11,4,3,0
10,"[2,4)","[-2,0)",509,0,0,509,0,0,0.00749053875154275044663584542907225132579844477884859144379205,490,0,0,490,0,0,0.00777872888571896274121922187055104200635321126688840658261590,0,488,0.99000000,1.00000000,490,490,0,0,490,0,19,0,488,2,2,12,14,2,0,2,17,2,14,2,0,2,17,2,14,0
10,"[2,4)","[0,2)",615,0,0,615,0,0,0.00620750075150858046942248338458489746664725024397385119092729,580,0,0,580,0,0,0.00657962664805188277695281146683910659354007173294789505342802,0,580,0.99000000,1.00000000,580,580,0,0,580,0,35,0,580,6,6,17,22,6,0,6,29,6,22,6,0,6,29,6,22,0
10,"[2,4)",>=2,178,0,0,178,0,0,0.0211253189762518284571776707073542034914253344488032569962098,160,0,0,160,0,0,0.0234461951715051901176366347595152633843440276828788110351402,0,160,0.99000000,1.00000000,160,160,0,0,160,0,18,0,160,6,6,8,9,6,0,6,12,6,9,6,0,6,12,6,9,0
10,"[4,8)",<-2,213,1,0,212,0,0,0.0177975947794410449167689929712370250568261019425441985633215,201,1,0,200,0,0,0.0188453263772665734805028507432062262414512171002365919474865,0,200,0.99000000,1.00000000,201,201,0,0,201,0,12,0,200,2,2,7,7,2,0,2,10,2,7,2,0,2,10,2,7,0
10,"[4,8)","[-2,0)",622,2,0,620,0,0,0.00615774852148492029219312953789323638501313719743009615850818,596,2,0,594,0,1E-62,0.00642554771673381636551817288608426657178557102053814943585883,0,596,0.99000000,1.00000000,596,596,0,0,596,0,26,0,596,2,2,17,20,2,0,2,24,2,20,2,0,2,24,2,20,0
10,"[4,8)","[0,2)",729,1,0,728,0,0,0.00524903143214151688115856253355132307267298097080491697366170,698,1,0,697,0,0,0.00548120944094567055256992716342153651891865624530169717866919,0,697,0.99000000,1.00000000,698,698,0,0,698,0,31,0,697,3,3,21,25,3,0,3,28,3,25,3,0,3,28,3,25,0
10,"[4,8)",>=2,284,4,0,280,0,0,0.0135338186206294064480194391271503378468572302256404029940121,261,4,0,257,0,0,0.0147271788697317274556551294995552380757890792526123359497250,0,261,0.99000000,1.00000000,261,261,0,0,261,0,23,0,261,8,8,13,15,8,0,8,15,8,15,8,0,8,15,8,15,0
10,"[8,infinity)",<-2,433,1,0,432,0,1E-62,0.00881389033316930813861683085018287995383294700128658484997347,410,1,0,409,0,0,0.00930492502295548945302403002365986899833395950213918851802341,0,410,0.99000000,1.00000000,410,410,0,0,410,0,23,0,410,2,2,15,17,2,0,2,21,2,17,2,0,2,21,2,17,0
10,"[8,infinity)","[-2,0)",543,3,0,540,0,0,0.00706356376180702971342047935436676107980177771430331590709497,521,3,0,518,0,0,0.00736135229534159866236858193471247895656846090137684062250019,0,519,0.99000000,1.00000000,521,521,0,0,521,0,22,0,519,2,2,16,19,2,0,2,20,2,19,2,0,2,20,2,19,0
10,"[8,infinity)","[0,2)",690,5,0,685,0,0,0.00557669514734312650877867565809671533547215006724442932794821,662,5,0,657,0,0,0.00581298096452575423709970583735668683698071475527428715247060,0,661,0.99000000,1.00000000,662,662,0,0,662,0,28,0,661,3,3,20,22,3,0,3,25,3,22,3,0,3,25,3,22,0
10,"[8,infinity)",>=2,654,5,0,649,0,1E-62,0.00588421395239422005877313521391377883380406510455598527659815,635,5,0,630,0,0,0.00606059885675737411166086410883943469107993581116976443242717,0,635,0.99000000,1.00000000,635,635,0,0,635,0,19,0,635,2,2,15,17,2,0,2,17,2,17,2,0,2,17,2,17,0
5,"[0,1)",<-2,82,0,48,82,0.585365853658536585365853658536585365853658536585365853658537,0.477256958344124678329248188551021493658332489535593039919527,0.685834398586833804723966716826232437711731147969341828136477,57,0,36,57,0.631578947368421052631578947368421052631578947368421052631579,0.501777982224952077671212252674623898900788826647460656357958,0.744764429655842938737537917190457187969616727813546307954854,0,16,0.01000000,0.02000000,57,57,0,0,57,0,25,0,16,0,0,2,3,0,0,0,25,0,3,0,0,0,25,0,3,0
5,"[0,1)","[-2,0)",412,0,53,412,0.128640776699029126213592233009708737864077669902912621359223,0.0997100022998567960087314090826650904363771085192008965205478,0.164432633050161181352409091786226744540396922522359748179332,368,0,39,368,0.105978260869565217391304347826086956521739130434782608695652,0.0784990489632322916182129818778745210131082237979768259695175,0.141598675158915529549361544409311244779368371504901679151910,0,308,0.99000000,1.00000000,368,368,0,0,368,0,44,0,308,2,2,5,13,2,0,2,42,2,13,2,0,2,42,2,13,0
5,"[0,1)","[0,2)",436,1,6,435,0.0137931034482758620689655172413793103448275862068965517241379,0.0063364262850485354774875616844359615981052544392513052915151,0.0297619379471394124223375759678714299338327380618562381895911,404,1,5,403,0.0124069478908188585607940446650124069478908188585607940446650,0.0053108335280455763083206430225297700898545122055659860415158,0.0287109175019899955368774154295320130520059141116504565491888,0,384,0.99000000,1.00000000,404,404,0,0,404,0,32,0,384,4,4,1,8,4,0,4,28,4,8,4,0,4,28,4,8,0
5,"[0,1)",>=2,83,0,0,83,0,1E-61,0.0442353096419738403383844233759625755395690083553910862604569,68,0,0,68,0,0,0.0534713365200705321894230405777957976274872468956858285156169,0,67,0.99000000,1.00000000,68,68,0,0,68,0,15,0,67,0,0,3,6,0,0,0,15,0,6,0,0,0,15,0,6,0
5,"[1,2)",<-2,81,1,2,80,0.025,0.0068828932029706468608464901781582030624385206359014328084673,0.0866443298557801031554020742691809895316014663650523841876477,74,1,1,73,0.0136986301369863013698630136986301369863013698630136986301370,0.0024222514664838605883421806918395867838947832543642236570815,0.0735973727096381761174248229999780209218046046922383244280093,0,71,0.99000000,1.00000000,74,74,0,0,74,0,7,0,71,1,1,0,3,1,0,1,6,1,3,1,0,1,6,1,3,0
5,"[1,2)","[-2,0)",337,1,0,336,0,1E-62,0.0113036791744733567655238503127629696475938045656430929990520,328,1,0,327,0,0,0.0116111772520507392988893109641578539131891618370448285029377,0,327,0.99000000,1.00000000,328,328,0,0,328,0,9,0,327,2,2,0,6,2,0,2,7,2,6,2,0,2,7,2,6,0
5,"[1,2)","[0,2)",358,0,0,358,0,0,0.0106164142528446705210688591881764850174400293828906202273718,342,0,0,342,0,0,0.0111075717578608119042787520980436901916990313457317198507205,0,342,0.99000000,1.00000000,342,342,0,0,342,0,16,0,342,3,3,2,12,3,0,3,13,3,12,3,0,3,13,3,12,0
5,"[1,2)",>=2,90,0,0,90,0,0,0.0409356255643267779347737319135887781891865818252014822304956,82,0,0,82,0,0,0.0447506236901003135454555542189412591181986946139529156719919,0,82,0.99000000,1.00000000,82,82,0,0,82,0,8,0,82,1,1,1,4,1,0,1,7,1,4,1,0,1,7,1,4,0
5,"[2,4)",<-2,144,2,1,142,0.00704225352112676056338028169014084507042253521126760563380282,0.0012442142265477850020115694302390952226938141918552770496780,0.0388092717158545765748691831482580238306148592729608073839548,132,1,0,131,0,0,0.0284887070659945735399391643499260356368585032988148197146726,0,131,0.99000000,1.00000000,132,132,0,0,132,0,12,0,131,1,1,1,7,1,0,1,11,1,7,1,0,1,11,1,7,0
5,"[2,4)","[-2,0)",535,0,0,535,0,0,0.00712910775110275235549813831832140722944151063500831477467837,514,0,0,514,0,1E-62,0.00741821411797052427241335731370628412574471385763968756107531,0,513,0.99000000,1.00000000,514,514,0,0,514,0,21,0,513,1,1,2,19,1,0,1,20,1,19,1,0,1,20,1,19,0
5,"[2,4)","[0,2)",612,0,0,612,0,0,0.00623773986904085397106011433681542773640990484423974383591770,580,0,0,580,0,0,0.00657962664805188277695281146683910659354007173294789505342802,0,579,0.99000000,1.00000000,580,580,0,0,580,0,32,0,579,8,8,1,19,8,0,8,24,8,19,8,0,8,24,8,19,0
5,"[2,4)",>=2,155,1,0,154,0,0,0.0243374513223295347193119667914682277295063810104846420939052,134,1,0,133,0,0,0.0280723316880716613139581633660357159207289956100888848471254,0,134,0.99000000,1.00000000,134,134,0,0,134,0,21,0,134,8,8,2,11,8,0,8,13,8,11,8,0,8,13,8,11,0
5,"[4,8)",<-2,215,0,0,215,0,1E-62,0.0175536154867327557835719836331853283567373283342681761031040,210,0,0,210,0,0,0.0179640507592832355040595430033873382232707988716943083950446,0,210,0.99000000,1.00000000,210,210,0,0,210,0,5,0,210,0,0,0,4,0,0,0,5,0,4,0,0,0,5,0,4,0
5,"[4,8)","[-2,0)",610,0,0,610,0,0,0.00625806348771928190072478087330536378922460507684317260936074,582,0,0,582,0,1E-62,0.00655716450731743646431675108873665512600573877968638894601157,0,582,0.99000000,1.00000000,582,582,0,0,582,0,28,0,582,4,4,0,21,4,0,4,24,4,21,4,0,4,24,4,21,0
5,"[4,8)","[0,2)",723,4,0,719,0,1E-62,0.00531438640357100178327718251882644532224487384414483799535763,697,4,0,693,0,1E-62,0.00551267260589697436489237614105310498860441445846185760551947,0,697,0.99000000,1.00000000,697,697,0,0,697,0,26,0,697,3,3,1,21,3,0,3,23,3,21,3,0,3,23,3,21,0
5,"[4,8)",>=2,286,3,0,283,0,0,0.0133922719417468800191970897459232840195967897843813321991874,267,3,0,264,0,0,0.0143422860583573104931908998148465164027790301095576899130928,0,266,0.99000000,1.00000000,267,267,0,0,267,0,19,0,266,2,2,2,15,2,0,2,17,2,15,2,0,2,17,2,15,0
5,"[8,infinity)",<-2,415,2,0,413,0,0,0.00921563519992031926939583090371384259637093815053138569368526,393,2,0,391,0,0,0.00972911718077359476036270935923077868694394658548585319691590,0,393,0.99000000,1.00000000,393,393,0,0,393,0,22,0,393,3,3,2,15,3,0,3,19,3,15,3,0,3,19,3,15,0
5,"[8,infinity)","[-2,0)",567,2,0,565,0,0,0.00675312736286509040416077513099801371091042167840680592124474,544,2,0,542,0,0,0.00703768238673864242547580836820644350804963592584564457506475,0,544,0.99900000,1.00000000,544,544,0,0,544,0,23,0,544,0,0,3,21,0,0,0,23,0,21,0,0,0,23,0,21,0
5,"[8,infinity)","[0,2)",690,5,0,685,0,0,0.00557669514734312650877867565809671533547215006724442932794821,666,5,0,661,0,0,0.00577800732750355704657316266132906531480018416402844236402331,0,665,0.99000000,1.00000000,666,666,0,0,666,0,24,0,665,4,4,3,16,4,0,4,20,4,16,4,0,4,20,4,16,0
5,"[8,infinity)",>=2,662,5,0,657,0,0,0.00581298096452575423709970583735668683698071475527428715247060,629,5,0,624,0,0,0.00611851728923688540797093809849028504285608497905658452586638,0,629,0.99000000,1.00000000,629,629,0,0,629,0,33,0,629,6,6,4,25,6,0,6,27,6,25,6,0,6,27,6,25,0
3,"[0,1)",<-2,74,0,32,74,0.432432432432432432432432432432432432432432432432432432432432,0.325661186570673443720559019740786291558794036368548380856638,0.545872567401811159279791477374516382065416727543501220491928,50,0,24,50,0.48,0.347971352865780464471707068200252970659644551689938152991863,0.614882551099553884082534146395567682617578599693336349277003,0,20,0.67000000,0.87500000,50,50,0,0,50,0,24,0,20,1,1,0,3,1,0,1,23,1,3,1,0,1,23,1,3,0
3,"[0,1)","[-2,0)",405,0,44,405,0.108641975308641975308641975308641975308641975308641975308642,0.0819313950704207718994195276379533160120896207637815977393333,0.142706925822013710175405825524856539782701471159762895528655,369,0,33,369,0.0894308943089430894308943089430894308943089430894308943089431,0.0643879635444999902143071662309288198250365939722886416997234,0.122934173434590858978106697536661081573943520520331422633525,0,322,0.99000000,1.00000000,369,369,0,0,369,0,36,0,322,3,3,2,10,3,0,3,33,3,10,3,0,3,33,3,10,0
3,"[0,1)","[0,2)",444,0,5,444,0.0112612612612612612612612612612612612612612612612612612612613,0.0048194652424819759844482737630644516906702253758568327052603,0.0260875857865652048895970883772258337266190722988089688428081,414,0,3,414,0.00724637681159420289855072463768115942028985507246376811594203,0.00246742056249322871027295432108044612923304624247102714253361,0.0210856726333577196723606150637376435016433024579639027056300,0,404,0.99000000,1.00000000,414,414,0,0,414,0,30,0,404,4,4,2,9,4,0,4,26,4,9,4,0,4,26,4,9,0
3,"[0,1)",>=2,83,0,0,83,0,1E-61,0.0442353096419738403383844233759625755395690083553910862604569,67,0,0,67,0,1E-61,0.0542261393913017856485245130017028349262980784039413836676687,0,67,0.99000000,1.00000000,67,67,0,0,67,0,16,0,67,1,1,7,9,1,0,1,15,1,9,1,0,1,15,1,9,0
3,"[1,2)",<-2,94,2,3,92,0.0326086956521739130434782608695652173913043478260869565217391,0.0111511774109715325631936941308223799629099538641252641419102,0.0915335995299357298156547196508092194586509789066786758409284,87,1,1,86,0.0116279069767441860465116279069767441860465116279069767441860,0.0020555686652495641721586561976887773535385325444733430169682,0.0629640658929172561092289752616863333041179458162173646137504,0,85,0.99000000,1.00000000,87,87,0,0,87,0,7,0,85,1,1,0,2,1,0,1,6,1,2,1,0,1,6,1,2,0
3,"[1,2)","[-2,0)",322,1,0,321,0,0,0.0118256420674878576168884597580555356678939303430478474001580,312,1,0,311,0,1E-62,0.0122012483206091372512426986859317563594633993975987925369145,0,311,0.99000000,1.00000000,312,312,0,0,312,0,10,0,311,1,1,0,7,1,0,1,9,1,7,1,0,1,9,1,7,0
3,"[1,2)","[0,2)",361,0,0,361,0,0,0.0105291181356175252413881954082877040905914997749756160889632,346,0,0,346,0,0,0.0109805705522826722650174783512152445319307052557727849877537,0,344,0.99000000,1.00000000,346,346,0,0,346,0,15,0,344,4,4,0,10,4,0,4,11,4,10,4,0,4,11,4,10,0
3,"[1,2)",>=2,84,1,0,83,0,1E-61,0.0442353096419738403383844233759625755395690083553910862604569,77,1,0,76,0,0,0.0481135850651373179806680027772221016786979542922821152437366,0,77,0.99000000,1.00000000,77,77,0,0,77,0,7,0,77,1,1,2,4,1,0,1,6,1,4,1,0,1,6,1,4,0
3,"[2,4)",<-2,129,0,0,129,0,0,0.0289176199568782527704081078419588624465267130069105775551402,122,0,0,122,0,0,0.0305261783890128622912567603964325010995624224110573898703456,0,121,0.99000000,1.00000000,122,122,0,0,122,0,7,0,121,2,2,0,5,2,0,2,5,2,5,2,0,2,5,2,5,0
3,"[2,4)","[-2,0)",531,1,0,530,0,1E-62,0.00719587952044838935725630105066501050513106765890687297439273,512,1,0,511,0,0,0.00746144032280043150273933932885977916707886074218978094563637,0,511,0.99000000,1.00000000,512,512,0,0,512,0,19,0,511,3,3,0,15,3,0,3,16,3,15,3,0,3,16,3,15,0
3,"[2,4)","[0,2)",620,0,0,620,0,0,0.00615774852148492029219312953789323638501313719743009615850818,592,0,0,592,0,0,0.00644711569466355437974546283355316325599229476760193969491407,0,591,0.99000000,1.00000000,592,592,0,0,592,0,28,0,591,6,6,1,19,6,0,6,22,6,19,6,0,6,22,6,19,0
3,"[2,4)",>=2,155,1,0,154,0,0,0.0243374513223295347193119667914682277295063810104846420939052,136,1,0,135,0,0,0.0276679520175249050077361753068492589228594049216368442485636,0,136,0.99000000,1.00000000,136,136,0,0,136,0,19,0,136,7,7,0,9,7,0,7,12,7,9,7,0,7,12,7,9,0
3,"[4,8)",<-2,214,0,0,214,0,0,0.0176341952605818704401078613510081346098981229027110183773906,208,0,0,208,0,0,0.0181336497684600773692855047534175964150507355307307299498867,0,208,0.99000000,1.00000000,208,208,0,0,208,0,6,0,208,0,0,0,3,0,0,0,6,0,3,0,0,0,6,0,3,0
3,"[4,8)","[-2,0)",603,1,0,602,0,0,0.00634069980646710703535749274598285040001057769362492417690328,579,1,0,578,0,0,0.00660224320982590212876303263873770744797513010965430908839988,0,579,0.99000000,1.00000000,579,579,0,0,579,0,24,0,579,3,3,0,19,3,0,3,21,3,19,3,0,3,21,3,19,0
3,"[4,8)","[0,2)",747,2,0,745,0,1E-62,0.00512986931405188229693554127984150773623634864322487599681717,718,2,0,716,0,0,0.00533653455718920606541370252216450689661106148680019900217357,0,717,0.99000000,1.00000000,718,718,0,0,718,0,29,0,717,7,7,0,18,7,0,7,22,7,18,7,0,7,22,7,18,0
3,"[4,8)",>=2,281,4,0,277,0,0,0.0136783893547096997757671775033450724802232840224746227545337,263,4,0,259,0,0,0.0146151175614753434966925135614189682936641766171543916525436,0,262,0.99000000,1.00000000,263,263,0,0,263,0,18,0,262,5,5,0,13,5,0,5,13,5,13,5,0,5,13,5,13,0
3,"[8,infinity)",<-2,435,2,0,433,0,1E-62,0.00879371392785062922598201023252156865940813825792263032036741,414,2,0,412,0,0,0.00923779661505688455160093581040338565500294375530387456323903,0,414,0.99900000,1.00000000,414,414,0,0,414,0,21,0,414,4,4,0,14,4,0,4,17,4,14,4,0,4,17,4,14,0
3,"[8,infinity)","[-2,0)",544,3,0,541,0,0,0.00705059932298275949620076721463341970068114575351919767740877,521,3,0,518,0,0,0.00736135229534159866236858193471247895656846090137684062250019,0,521,0.99900000,1.00000000,521,521,0,0,521,0,23,0,521,3,3,0,17,3,0,3,20,3,17,3,0,3,20,3,17,0
3,"[8,infinity)","[0,2)",732,4,0,728,0,0,0.00524903143214151688115856253355132307267298097080491697366170,704,4,0,700,0,0,0.00545784675306083244323878582293795006610278527100767576919640,0,703,0.99900000,1.00000000,704,704,0,0,704,0,28,0,703,11,11,0,15,11,0,11,17,11,15,11,0,11,17,11,15,0
3,"[8,infinity)",>=2,639,4,0,635,0,0,0.00601316456165115728369875346126790519970733065036374997667181,608,4,0,604,0,0,0.00631983680110788379504040300811947196276948466530994156410319,0,608,0.99000000,1.00000000,608,608,0,0,608,0,31,0,608,7,7,0,22,7,0,7,24,7,22,7,0,7,24,7,22,0
