utc_market_start_date,t_sec,subset,all_market_rows,N,U,n,projected_correct,projected_errors,projected_accuracy,projected_ties,twap_correct,twap_errors,twap_accuracy,twap_ties,spot_correct,spot_errors,spot_accuracy,spot_ties,both_correct,both_wrong,projected_improves_twap_count,projected_worsens_twap_count
2026-09-01,60,primary_600s,288,274,0,274,251,23,0.91605839416058394160583941605839416058394160583941605839416058394160583941605839,0,241,33,0.87956204379562043795620437956204379562043795620437956204379562043795620437956204,0,251,23,0.91605839416058394160583941605839416058394160583941605839416058394160583941605839,0,234,16,17,7
2026-09-01,60,fresh_3s,288,269,0,269,246,23,0.91449814126394052044609665427509293680297397769516728624535315985130111524163569,0,236,33,0.87732342007434944237918215613382899628252788104089219330855018587360594795539033,0,246,23,0.91449814126394052044609665427509293680297397769516728624535315985130111524163569,0,229,16,17,7
2026-09-01,30,primary_600s,288,274,0,274,265,9,0.96715328467153284671532846715328467153284671532846715328467153284671532846715328,0,257,17,0.93795620437956204379562043795620437956204379562043795620437956204379562043795620,0,264,10,0.96350364963503649635036496350364963503649635036496350364963503649635036496350365,0,253,5,12,4
2026-09-01,30,fresh_3s,288,269,0,269,260,9,0.96654275092936802973977695167286245353159851301115241635687732342007434944237918,0,252,17,0.93680297397769516728624535315985130111524163568773234200743494423791821561338290,0,259,10,0.96282527881040892193308550185873605947955390334572490706319702602230483271375465,0,248,5,12,4
2026-09-01,15,primary_600s,288,274,0,274,272,2,0.99270072992700729927007299270072992700729927007299270072992700729927007299270073,0,265,9,0.96715328467153284671532846715328467153284671532846715328467153284671532846715328,0,269,5,0.98175182481751824817518248175182481751824817518248175182481751824817518248175182,0,264,1,8,1
2026-09-01,15,fresh_3s,288,271,0,271,269,2,0.99261992619926199261992619926199261992619926199261992619926199261992619926199262,0,262,9,0.96678966789667896678966789667896678966789667896678966789667896678966789667896679,0,266,5,0.98154981549815498154981549815498154981549815498154981549815498154981549815498155,0,261,1,8,1
2026-09-01,10,primary_600s,288,274,0,274,273,1,0.99635036496350364963503649635036496350364963503649635036496350364963503649635036,0,266,8,0.97080291970802919708029197080291970802919708029197080291970802919708029197080292,0,265,9,0.96715328467153284671532846715328467153284671532846715328467153284671532846715328,0,266,1,7,0
2026-09-01,10,fresh_3s,288,268,0,268,267,1,0.99626865671641791044776119402985074626865671641791044776119402985074626865671642,0,260,8,0.97014925373134328358208955223880597014925373134328358208955223880597014925373134,0,259,9,0.96641791044776119402985074626865671641791044776119402985074626865671641791044776,0,260,1,7,0
2026-09-01,5,primary_600s,288,274,0,274,274,0,1,0,269,5,0.98175182481751824817518248175182481751824817518248175182481751824817518248175182,0,262,12,0.95620437956204379562043795620437956204379562043795620437956204379562043795620438,0,269,0,5,0
2026-09-01,5,fresh_3s,288,270,0,270,270,0,1,0,265,5,0.98148148148148148148148148148148148148148148148148148148148148148148148148148148,0,258,12,0.95555555555555555555555555555555555555555555555555555555555555555555555555555556,0,265,0,5,0
2026-09-01,3,primary_600s,288,274,0,274,274,0,1,0,270,4,0.98540145985401459854014598540145985401459854014598540145985401459854014598540146,0,257,17,0.93795620437956204379562043795620437956204379562043795620437956204379562043795620,0,270,0,4,0
2026-09-01,3,fresh_3s,288,272,0,272,272,0,1,0,268,4,0.98529411764705882352941176470588235294117647058823529411764705882352941176470588,0,256,16,0.94117647058823529411764705882352941176470588235294117647058823529411764705882353,0,268,0,4,0
2026-09-02,60,primary_600s,288,270,0,270,248,22,0.91851851851851851851851851851851851851851851851851851851851851851851851851851852,0,240,30,0.88888888888888888888888888888888888888888888888888888888888888888888888888888889,0,248,22,0.91851851851851851851851851851851851851851851851851851851851851851851851851851852,0,231,13,17,9
2026-09-02,60,fresh_3s,288,261,0,261,241,20,0.92337164750957854406130268199233716475095785440613026819923371647509578544061303,0,232,29,0.88888888888888888888888888888888888888888888888888888888888888888888888888888889,0,241,20,0.92337164750957854406130268199233716475095785440613026819923371647509578544061303,0,225,13,16,7
2026-09-02,30,primary_600s,288,270,0,270,268,2,0.99259259259259259259259259259259259259259259259259259259259259259259259259259259,0,255,15,0.94444444444444444444444444444444444444444444444444444444444444444444444444444444,0,265,5,0.98148148148148148148148148148148148148148148148148148148148148148148148148148148,0,255,2,13,0
2026-09-02,30,fresh_3s,288,263,0,263,261,2,0.99239543726235741444866920152091254752851711026615969581749049429657794676806084,0,248,15,0.94296577946768060836501901140684410646387832699619771863117870722433460076045627,0,258,5,0.98098859315589353612167300380228136882129277566539923954372623574144486692015209,0,248,2,13,0
2026-09-02,15,primary_600s,288,270,0,270,269,1,0.99629629629629629629629629629629629629629629629629629629629629629629629629629630,0,262,8,0.97037037037037037037037037037037037037037037037037037037037037037037037037037037,0,260,10,0.96296296296296296296296296296296296296296296296296296296296296296296296296296296,0,262,1,7,0
2026-09-02,15,fresh_3s,288,263,0,263,263,0,1,0,256,7,0.97338403041825095057034220532319391634980988593155893536121673003802281368821293,0,253,10,0.96197718631178707224334600760456273764258555133079847908745247148288973384030418,0,256,0,7,0
2026-09-02,10,primary_600s,288,270,0,270,270,0,1,0,266,4,0.98518518518518518518518518518518518518518518518518518518518518518518518518518519,0,259,11,0.95925925925925925925925925925925925925925925925925925925925925925925925925925926,0,266,0,4,0
2026-09-02,10,fresh_3s,288,270,0,270,270,0,1,0,266,4,0.98518518518518518518518518518518518518518518518518518518518518518518518518518519,0,259,11,0.95925925925925925925925925925925925925925925925925925925925925925925925925925926,0,266,0,4,0
2026-09-02,5,primary_600s,288,270,0,270,270,0,1,0,269,1,0.99629629629629629629629629629629629629629629629629629629629629629629629629629630,0,254,16,0.94074074074074074074074074074074074074074074074074074074074074074074074074074074,0,269,0,1,0
2026-09-02,5,fresh_3s,288,267,0,267,267,0,1,0,266,1,0.99625468164794007490636704119850187265917602996254681647940074906367041198501873,0,251,16,0.94007490636704119850187265917602996254681647940074906367041198501872659176029963,0,266,0,1,0
2026-09-02,3,primary_600s,288,270,0,270,270,0,1,0,269,1,0.99629629629629629629629629629629629629629629629629629629629629629629629629629630,0,250,20,0.92592592592592592592592592592592592592592592592592592592592592592592592592592593,0,269,0,1,0
2026-09-02,3,fresh_3s,288,267,0,267,267,0,1,0,266,1,0.99625468164794007490636704119850187265917602996254681647940074906367041198501873,0,248,19,0.92883895131086142322097378277153558052434456928838951310861423220973782771535581,0,266,0,1,0
2026-09-03,60,primary_600s,288,276,0,276,262,14,0.94927536231884057971014492753623188405797101449275362318840579710144927536231884,0,248,28,0.89855072463768115942028985507246376811594202898550724637681159420289855072463768,0,262,14,0.94927536231884057971014492753623188405797101449275362318840579710144927536231884,0,242,8,20,6
2026-09-03,60,fresh_3s,288,269,0,269,257,12,0.95539033457249070631970260223048327137546468401486988847583643122676579925650558,0,244,25,0.90706319702602230483271375464684014869888475836431226765799256505576208178438662,0,257,12,0.95539033457249070631970260223048327137546468401486988847583643122676579925650558,0,238,6,19,6
2026-09-03,30,primary_600s,288,276,0,276,271,5,0.98188405797101449275362318840579710144927536231884057971014492753623188405797101,0,262,14,0.94927536231884057971014492753623188405797101449275362318840579710144927536231884,0,267,9,0.96739130434782608695652173913043478260869565217391304347826086956521739130434783,0,262,5,9,0
2026-09-03,30,fresh_3s,288,272,0,272,267,5,0.98161764705882352941176470588235294117647058823529411764705882352941176470588235,0,258,14,0.94852941176470588235294117647058823529411764705882352941176470588235294117647059,0,263,9,0.96691176470588235294117647058823529411764705882352941176470588235294117647058824,0,258,5,9,0
2026-09-03,15,primary_600s,288,276,0,276,274,2,0.99275362318840579710144927536231884057971014492753623188405797101449275362318841,0,269,7,0.97463768115942028985507246376811594202898550724637681159420289855072463768115942,0,263,13,0.95289855072463768115942028985507246376811594202898550724637681159420289855072464,0,268,1,6,1
2026-09-03,15,fresh_3s,288,273,0,273,271,2,0.99267399267399267399267399267399267399267399267399267399267399267399267399267399,0,266,7,0.97435897435897435897435897435897435897435897435897435897435897435897435897435897,0,261,12,0.95604395604395604395604395604395604395604395604395604395604395604395604395604396,0,265,1,6,1
2026-09-03,10,primary_600s,288,276,0,276,275,1,0.99637681159420289855072463768115942028985507246376811594202898550724637681159420,0,269,7,0.97463768115942028985507246376811594202898550724637681159420289855072463768115942,0,259,17,0.93840579710144927536231884057971014492753623188405797101449275362318840579710145,0,268,0,7,1
2026-09-03,10,fresh_3s,288,269,0,269,268,1,0.99628252788104089219330855018587360594795539033457249070631970260223048327137546,0,262,7,0.97397769516728624535315985130111524163568773234200743494423791821561338289962825,0,253,16,0.94052044609665427509293680297397769516728624535315985130111524163568773234200743,0,261,0,7,1
2026-09-03,5,primary_600s,288,276,0,276,276,0,1,0,272,4,0.98550724637681159420289855072463768115942028985507246376811594202898550724637681,0,258,18,0.93478260869565217391304347826086956521739130434782608695652173913043478260869565,0,272,0,4,0
2026-09-03,5,fresh_3s,288,274,0,274,274,0,1,0,270,4,0.98540145985401459854014598540145985401459854014598540145985401459854014598540146,0,256,18,0.93430656934306569343065693430656934306569343065693430656934306569343065693430657,0,270,0,4,0
2026-09-03,3,primary_600s,288,276,0,276,276,0,1,0,274,2,0.99275362318840579710144927536231884057971014492753623188405797101449275362318841,0,257,19,0.93115942028985507246376811594202898550724637681159420289855072463768115942028986,0,274,0,2,0
2026-09-03,3,fresh_3s,288,275,0,275,275,0,1,0,273,2,0.99272727272727272727272727272727272727272727272727272727272727272727272727272727,0,256,19,0.93090909090909090909090909090909090909090909090909090909090909090909090909090909,0,273,0,2,0
2026-09-04,60,primary_600s,288,273,0,273,256,17,0.93772893772893772893772893772893772893772893772893772893772893772893772893772894,0,242,31,0.88644688644688644688644688644688644688644688644688644688644688644688644688644689,0,256,17,0.93772893772893772893772893772893772893772893772893772893772893772893772893772894,0,236,11,20,6
2026-09-04,60,fresh_3s,288,271,0,271,254,17,0.93726937269372693726937269372693726937269372693726937269372693726937269372693727,0,240,31,0.88560885608856088560885608856088560885608856088560885608856088560885608856088561,0,254,17,0.93726937269372693726937269372693726937269372693726937269372693726937269372693727,0,234,11,20,6
2026-09-04,30,primary_600s,288,273,0,273,270,3,0.98901098901098901098901098901098901098901098901098901098901098901098901098901099,0,262,11,0.95970695970695970695970695970695970695970695970695970695970695970695970695970696,0,265,8,0.97069597069597069597069597069597069597069597069597069597069597069597069597069597,0,260,1,10,2
2026-09-04,30,fresh_3s,288,266,0,266,263,3,0.98872180451127819548872180451127819548872180451127819548872180451127819548872180,0,256,10,0.96240601503759398496240601503759398496240601503759398496240601503759398496240602,0,258,8,0.96992481203007518796992481203007518796992481203007518796992481203007518796992481,0,254,1,9,2
2026-09-04,15,primary_600s,288,273,0,273,272,1,0.99633699633699633699633699633699633699633699633699633699633699633699633699633700,0,267,6,0.97802197802197802197802197802197802197802197802197802197802197802197802197802198,0,261,12,0.95604395604395604395604395604395604395604395604395604395604395604395604395604396,0,266,0,6,1
2026-09-04,15,fresh_3s,288,269,0,269,268,1,0.99628252788104089219330855018587360594795539033457249070631970260223048327137546,0,263,6,0.97769516728624535315985130111524163568773234200743494423791821561338289962825279,0,257,12,0.95539033457249070631970260223048327137546468401486988847583643122676579925650558,0,262,0,6,1
2026-09-04,10,primary_600s,288,273,0,273,272,1,0.99633699633699633699633699633699633699633699633699633699633699633699633699633700,0,271,2,0.99267399267399267399267399267399267399267399267399267399267399267399267399267399,0,258,15,0.94505494505494505494505494505494505494505494505494505494505494505494505494505495,0,270,0,2,1
2026-09-04,10,fresh_3s,288,271,0,271,270,1,0.99630996309963099630996309963099630996309963099630996309963099630996309963099631,0,269,2,0.99261992619926199261992619926199261992619926199261992619926199261992619926199262,0,256,15,0.94464944649446494464944649446494464944649446494464944649446494464944649446494465,0,268,0,2,1
2026-09-04,5,primary_600s,288,273,0,273,273,0,1,0,272,1,0.99633699633699633699633699633699633699633699633699633699633699633699633699633700,0,256,17,0.93772893772893772893772893772893772893772893772893772893772893772893772893772894,0,272,0,1,0
2026-09-04,5,fresh_3s,288,268,0,268,268,0,1,0,268,0,1,0,251,17,0.93656716417910447761194029850746268656716417910447761194029850746268656716417910,0,268,0,0,0
2026-09-04,3,primary_600s,288,273,0,273,273,0,1,0,272,1,0.99633699633699633699633699633699633699633699633699633699633699633699633699633700,0,254,19,0.93040293040293040293040293040293040293040293040293040293040293040293040293040293,0,272,0,1,0
2026-09-04,3,fresh_3s,288,267,0,267,267,0,1,0,267,0,1,0,250,17,0.93632958801498127340823970037453183520599250936329588014981273408239700374531835,0,267,0,0,0
2026-09-05,60,primary_600s,288,280,0,280,259,21,0.925,0,243,37,0.86785714285714285714285714285714285714285714285714285714285714285714285714285714,0,259,21,0.925,0,239,17,20,4
2026-09-05,60,fresh_3s,288,278,0,278,257,21,0.92446043165467625899280575539568345323741007194244604316546762589928057553956835,0,241,37,0.86690647482014388489208633093525179856115107913669064748201438848920863309352518,0,257,21,0.92446043165467625899280575539568345323741007194244604316546762589928057553956835,0,237,17,20,4
2026-09-05,30,primary_600s,288,280,0,280,272,8,0.97142857142857142857142857142857142857142857142857142857142857142857142857142857,0,261,19,0.93214285714285714285714285714285714285714285714285714285714285714285714285714286,0,268,12,0.95714285714285714285714285714285714285714285714285714285714285714285714285714286,0,258,5,14,3
2026-09-05,30,fresh_3s,288,275,0,275,267,8,0.97090909090909090909090909090909090909090909090909090909090909090909090909090909,0,256,19,0.93090909090909090909090909090909090909090909090909090909090909090909090909090909,0,264,11,0.96,0,253,5,14,3
2026-09-05,15,primary_600s,288,280,0,280,278,2,0.99285714285714285714285714285714285714285714285714285714285714285714285714285714,0,271,9,0.96785714285714285714285714285714285714285714285714285714285714285714285714285714,0,265,15,0.94642857142857142857142857142857142857142857142857142857142857142857142857142857,0,269,0,9,2
2026-09-05,15,fresh_3s,288,275,0,275,273,2,0.99272727272727272727272727272727272727272727272727272727272727272727272727272727,0,266,9,0.96727272727272727272727272727272727272727272727272727272727272727272727272727273,0,260,15,0.94545454545454545454545454545454545454545454545454545454545454545454545454545455,0,264,0,9,2
2026-09-05,10,primary_600s,288,280,0,280,280,0,1,0,274,6,0.97857142857142857142857142857142857142857142857142857142857142857142857142857143,0,261,19,0.93214285714285714285714285714285714285714285714285714285714285714285714285714286,0,274,0,6,0
2026-09-05,10,fresh_3s,288,277,0,277,277,0,1,0,271,6,0.97833935018050541516245487364620938628158844765342960288808664259927797833935018,0,258,19,0.93140794223826714801444043321299638989169675090252707581227436823104693140794224,0,271,0,6,0
2026-09-05,5,primary_600s,288,280,0,280,280,0,1,0,278,2,0.99285714285714285714285714285714285714285714285714285714285714285714285714285714,0,263,17,0.93928571428571428571428571428571428571428571428571428571428571428571428571428571,0,278,0,2,0
2026-09-05,5,fresh_3s,288,279,0,279,279,0,1,0,277,2,0.99283154121863799283154121863799283154121863799283154121863799283154121863799283,0,262,17,0.93906810035842293906810035842293906810035842293906810035842293906810035842293907,0,277,0,2,0
2026-09-05,3,primary_600s,288,280,0,280,280,0,1,0,278,2,0.99285714285714285714285714285714285714285714285714285714285714285714285714285714,0,259,21,0.925,0,278,0,2,0
2026-09-05,3,fresh_3s,288,279,0,279,279,0,1,0,277,2,0.99283154121863799283154121863799283154121863799283154121863799283154121863799283,0,258,21,0.92473118279569892473118279569892473118279569892473118279569892473118279569892473,0,277,0,2,0
2026-09-06,60,primary_600s,288,276,0,276,252,24,0.91304347826086956521739130434782608695652173913043478260869565217391304347826087,0,243,33,0.88043478260869565217391304347826086956521739130434782608695652173913043478260870,0,252,24,0.91304347826086956521739130434782608695652173913043478260869565217391304347826087,0,238,19,14,5
2026-09-06,60,fresh_3s,288,273,0,273,249,24,0.91208791208791208791208791208791208791208791208791208791208791208791208791208791,0,241,32,0.88278388278388278388278388278388278388278388278388278388278388278388278388278388,0,249,24,0.91208791208791208791208791208791208791208791208791208791208791208791208791208791,0,236,19,13,5
2026-09-06,30,primary_600s,288,276,0,276,271,5,0.98188405797101449275362318840579710144927536231884057971014492753623188405797101,0,259,17,0.93840579710144927536231884057971014492753623188405797101449275362318840579710145,0,268,8,0.97101449275362318840579710144927536231884057971014492753623188405797101449275362,0,256,2,15,3
2026-09-06,30,fresh_3s,288,270,0,270,265,5,0.98148148148148148148148148148148148148148148148148148148148148148148148148148148,0,253,17,0.93703703703703703703703703703703703703703703703703703703703703703703703703703704,0,262,8,0.97037037037037037037037037037037037037037037037037037037037037037037037037037037,0,250,2,15,3
2026-09-06,15,primary_600s,288,276,0,276,273,3,0.98913043478260869565217391304347826086956521739130434782608695652173913043478261,0,268,8,0.97101449275362318840579710144927536231884057971014492753623188405797101449275362,0,266,10,0.96376811594202898550724637681159420289855072463768115942028985507246376811594203,0,266,1,7,2
2026-09-06,15,fresh_3s,288,275,0,275,272,3,0.98909090909090909090909090909090909090909090909090909090909090909090909090909091,0,267,8,0.97090909090909090909090909090909090909090909090909090909090909090909090909090909,0,265,10,0.96363636363636363636363636363636363636363636363636363636363636363636363636363636,0,265,1,7,2
2026-09-06,10,primary_600s,288,276,0,276,274,2,0.99275362318840579710144927536231884057971014492753623188405797101449275362318841,0,269,7,0.97463768115942028985507246376811594202898550724637681159420289855072463768115942,0,262,14,0.94927536231884057971014492753623188405797101449275362318840579710144927536231884,0,267,0,7,2
2026-09-06,10,fresh_3s,288,274,0,274,272,2,0.99270072992700729927007299270072992700729927007299270072992700729927007299270073,0,267,7,0.97445255474452554744525547445255474452554744525547445255474452554744525547445255,0,260,14,0.94890510948905109489051094890510948905109489051094890510948905109489051094890511,0,265,0,7,2
2026-09-06,5,primary_600s,288,276,0,276,274,2,0.99275362318840579710144927536231884057971014492753623188405797101449275362318841,0,272,4,0.98550724637681159420289855072463768115942028985507246376811594202898550724637681,0,258,18,0.93478260869565217391304347826086956521739130434782608695652173913043478260869565,0,271,1,3,1
2026-09-06,5,fresh_3s,288,276,0,276,274,2,0.99275362318840579710144927536231884057971014492753623188405797101449275362318841,0,272,4,0.98550724637681159420289855072463768115942028985507246376811594202898550724637681,0,258,18,0.93478260869565217391304347826086956521739130434782608695652173913043478260869565,0,271,1,3,1
2026-09-06,3,primary_600s,288,276,0,276,275,1,0.99637681159420289855072463768115942028985507246376811594202898550724637681159420,0,273,3,0.98913043478260869565217391304347826086956521739130434782608695652173913043478261,0,257,19,0.93115942028985507246376811594202898550724637681159420289855072463768115942028986,0,273,1,2,0
2026-09-06,3,fresh_3s,288,276,0,276,275,1,0.99637681159420289855072463768115942028985507246376811594202898550724637681159420,0,273,3,0.98913043478260869565217391304347826086956521739130434782608695652173913043478261,0,257,19,0.93115942028985507246376811594202898550724637681159420289855072463768115942028986,0,273,1,2,0
2026-09-07,60,primary_600s,288,276,0,276,241,35,0.87318840579710144927536231884057971014492753623188405797101449275362318840579710,0,228,48,0.82608695652173913043478260869565217391304347826086956521739130434782608695652174,0,241,35,0.87318840579710144927536231884057971014492753623188405797101449275362318840579710,0,218,25,23,10
2026-09-07,60,fresh_3s,288,273,0,273,238,35,0.87179487179487179487179487179487179487179487179487179487179487179487179487179487,0,227,46,0.83150183150183150183150183150183150183150183150183150183150183150183150183150183,0,238,35,0.87179487179487179487179487179487179487179487179487179487179487179487179487179487,0,217,25,21,10
2026-09-07,30,primary_600s,288,276,0,276,272,4,0.98550724637681159420289855072463768115942028985507246376811594202898550724637681,0,244,32,0.88405797101449275362318840579710144927536231884057971014492753623188405797101449,0,269,7,0.97463768115942028985507246376811594202898550724637681159420289855072463768115942,0,243,3,29,1
2026-09-07,30,fresh_3s,288,272,0,272,268,4,0.98529411764705882352941176470588235294117647058823529411764705882352941176470588,0,241,31,0.88602941176470588235294117647058823529411764705882352941176470588235294117647059,0,265,7,0.97426470588235294117647058823529411764705882352941176470588235294117647058823529,0,240,3,28,1
2026-09-07,15,primary_600s,288,276,0,276,275,1,0.99637681159420289855072463768115942028985507246376811594202898550724637681159420,0,261,15,0.94565217391304347826086956521739130434782608695652173913043478260869565217391304,0,264,12,0.95652173913043478260869565217391304347826086956521739130434782608695652173913043,0,261,1,14,0
2026-09-07,15,fresh_3s,288,270,0,270,269,1,0.99629629629629629629629629629629629629629629629629629629629629629629629629629630,0,255,15,0.94444444444444444444444444444444444444444444444444444444444444444444444444444444,0,258,12,0.95555555555555555555555555555555555555555555555555555555555555555555555555555556,0,255,1,14,0
2026-09-07,10,primary_600s,288,276,0,276,276,0,1,0,267,9,0.96739130434782608695652173913043478260869565217391304347826086956521739130434783,0,265,11,0.96014492753623188405797101449275362318840579710144927536231884057971014492753623,0,267,0,9,0
2026-09-07,10,fresh_3s,288,273,0,273,273,0,1,0,264,9,0.96703296703296703296703296703296703296703296703296703296703296703296703296703297,0,262,11,0.95970695970695970695970695970695970695970695970695970695970695970695970695970696,0,264,0,9,0
2026-09-07,5,primary_600s,288,276,0,276,276,0,1,0,270,6,0.97826086956521739130434782608695652173913043478260869565217391304347826086956522,0,262,14,0.94927536231884057971014492753623188405797101449275362318840579710144927536231884,0,270,0,6,0
2026-09-07,5,fresh_3s,288,273,0,273,273,0,1,0,267,6,0.97802197802197802197802197802197802197802197802197802197802197802197802197802198,0,259,14,0.94871794871794871794871794871794871794871794871794871794871794871794871794871795,0,267,0,6,0
2026-09-07,3,primary_600s,288,276,0,276,276,0,1,0,271,5,0.98188405797101449275362318840579710144927536231884057971014492753623188405797101,0,262,14,0.94927536231884057971014492753623188405797101449275362318840579710144927536231884,0,271,0,5,0
2026-09-07,3,fresh_3s,288,274,0,274,274,0,1,0,269,5,0.98175182481751824817518248175182481751824817518248175182481751824817518248175182,0,260,14,0.94890510948905109489051094890510948905109489051094890510948905109489051094890511,0,269,0,5,0
