panel,t_sec,basis,x_bin,y_bin,N,U,L,n,leader_loss_rate
primary,60,raw_twap,"[0,1)",<-2,31,0,27,31,0.87096774193548387096774193548387096774193548387096774193548387096774193548387097
primary,60,raw_twap,"[0,1)","[-2,0)",125,0,66,125,0.528
primary,60,raw_twap,"[0,1)","[0,2)",121,0,18,121,0.14876033057851239669421487603305785123966942148760330578512396694214876033057851
primary,60,raw_twap,"[0,1)",>=2,18,0,1,18,0.055555555555555555555555555555555555555555555555555555555555555555555555555555556
primary,60,raw_twap,"[1,2)",<-2,31,0,25,31,0.80645161290322580645161290322580645161290322580645161290322580645161290322580645
primary,60,raw_twap,"[1,2)","[-2,0)",100,0,20,100,0.2
primary,60,raw_twap,"[1,2)","[0,2)",109,0,4,109,0.036697247706422018348623853211009174311926605504587155963302752293577981651376147
primary,60,raw_twap,"[1,2)",>=2,23,0,0,23,0
primary,60,raw_twap,"[2,4)",<-2,38,0,24,38,0.63157894736842105263157894736842105263157894736842105263157894736842105263157895
primary,60,raw_twap,"[2,4)","[-2,0)",144,0,17,144,0.11805555555555555555555555555555555555555555555555555555555555555555555555555556
primary,60,raw_twap,"[2,4)","[0,2)",178,0,9,178,0.050561797752808988764044943820224719101123595505617977528089887640449438202247191
primary,60,raw_twap,"[2,4)",>=2,51,0,1,51,0.019607843137254901960784313725490196078431372549019607843137254901960784313725490
primary,60,raw_twap,"[4,8)",<-2,58,0,18,58,0.31034482758620689655172413793103448275862068965517241379310344827586206896551724
primary,60,raw_twap,"[4,8)","[-2,0)",148,0,4,148,0.027027027027027027027027027027027027027027027027027027027027027027027027027027027
primary,60,raw_twap,"[4,8)","[0,2)",216,0,2,216,0.0092592592592592592592592592592592592592592592592592592592592592592592592592592593
primary,60,raw_twap,"[4,8)",>=2,88,0,0,88,0
primary,60,raw_twap,"[8,infinity)",<-2,88,0,3,88,0.034090909090909090909090909090909090909090909090909090909090909090909090909090909
primary,60,raw_twap,"[8,infinity)","[-2,0)",114,0,1,114,0.0087719298245614035087719298245614035087719298245614035087719298245614035087719298
primary,60,raw_twap,"[8,infinity)","[0,2)",129,0,0,129,0
primary,60,raw_twap,"[8,infinity)",>=2,115,0,0,115,0
primary,60,projected_close,"[0,1)",<-2,0,0,0,0,
primary,60,projected_close,"[0,1)","[-2,0)",0,0,0,0,
primary,60,projected_close,"[0,1)","[0,2)",281,0,85,281,0.30249110320284697508896797153024911032028469750889679715302491103202846975088968
primary,60,projected_close,"[0,1)",>=2,0,0,0,0,
primary,60,projected_close,"[1,2)",<-2,0,0,0,0,
primary,60,projected_close,"[1,2)","[-2,0)",0,0,0,0,
primary,60,projected_close,"[1,2)","[0,2)",226,0,34,226,0.15044247787610619469026548672566371681415929203539823008849557522123893805309735
primary,60,projected_close,"[1,2)",>=2,0,0,0,0,
primary,60,projected_close,"[2,4)",<-2,0,0,0,0,
primary,60,projected_close,"[2,4)","[-2,0)",0,0,0,0,
primary,60,projected_close,"[2,4)","[0,2)",407,0,29,407,0.071253071253071253071253071253071253071253071253071253071253071253071253071253071
primary,60,projected_close,"[2,4)",>=2,0,0,0,0,
primary,60,projected_close,"[4,8)",<-2,0,0,0,0,
primary,60,projected_close,"[4,8)","[-2,0)",0,0,0,0,
primary,60,projected_close,"[4,8)","[0,2)",496,0,7,496,0.014112903225806451612903225806451612903225806451612903225806451612903225806451613
primary,60,projected_close,"[4,8)",>=2,0,0,0,0,
primary,60,projected_close,"[8,infinity)",<-2,0,0,0,0,
primary,60,projected_close,"[8,infinity)","[-2,0)",0,0,0,0,
primary,60,projected_close,"[8,infinity)","[0,2)",515,0,1,515,0.0019417475728155339805825242718446601941747572815533980582524271844660194174757282
primary,60,projected_close,"[8,infinity)",>=2,0,0,0,0,
primary,30,raw_twap,"[0,1)",<-2,21,0,20,21,0.95238095238095238095238095238095238095238095238095238095238095238095238095238095
primary,30,raw_twap,"[0,1)","[-2,0)",116,0,46,116,0.39655172413793103448275862068965517241379310344827586206896551724137931034482759
primary,30,raw_twap,"[0,1)","[0,2)",131,0,4,131,0.030534351145038167938931297709923664122137404580152671755725190839694656488549618
primary,30,raw_twap,"[0,1)",>=2,17,0,0,17,0
primary,30,raw_twap,"[1,2)",<-2,26,0,23,26,0.88461538461538461538461538461538461538461538461538461538461538461538461538461538
primary,30,raw_twap,"[1,2)","[-2,0)",73,0,8,73,0.10958904109589041095890410958904109589041095890410958904109589041095890410958904
primary,30,raw_twap,"[1,2)","[0,2)",94,0,0,94,0
primary,30,raw_twap,"[1,2)",>=2,42,0,1,42,0.023809523809523809523809523809523809523809523809523809523809523809523809523809524
primary,30,raw_twap,"[2,4)",<-2,40,0,17,40,0.425
primary,30,raw_twap,"[2,4)","[-2,0)",152,0,1,152,0.0065789473684210526315789473684210526315789473684210526315789473684210526315789474
primary,30,raw_twap,"[2,4)","[0,2)",181,0,0,181,0
primary,30,raw_twap,"[2,4)",>=2,48,0,0,48,0
primary,30,raw_twap,"[4,8)",<-2,61,0,5,61,0.081967213114754098360655737704918032786885245901639344262295081967213114754098361
primary,30,raw_twap,"[4,8)","[-2,0)",151,0,0,151,0
primary,30,raw_twap,"[4,8)","[0,2)",193,0,0,193,0
primary,30,raw_twap,"[4,8)",>=2,77,0,0,77,0
primary,30,raw_twap,"[8,infinity)",<-2,87,0,0,87,0
primary,30,raw_twap,"[8,infinity)","[-2,0)",115,0,0,115,0
primary,30,raw_twap,"[8,infinity)","[0,2)",159,0,0,159,0
primary,30,raw_twap,"[8,infinity)",>=2,141,0,0,141,0
primary,30,projected_close,"[0,1)",<-2,0,0,0,0,
primary,30,projected_close,"[0,1)","[-2,0)",115,0,16,115,0.13913043478260869565217391304347826086956521739130434782608695652173913043478261
primary,30,projected_close,"[0,1)","[0,2)",131,0,15,131,0.11450381679389312977099236641221374045801526717557251908396946564885496183206107
primary,30,projected_close,"[0,1)",>=2,1,0,0,1,0
primary,30,projected_close,"[1,2)",<-2,1,0,0,1,0
primary,30,projected_close,"[1,2)","[-2,0)",120,0,3,120,0.025
primary,30,projected_close,"[1,2)","[0,2)",137,0,1,137,0.0072992700729927007299270072992700729927007299270072992700729927007299270072992701
primary,30,projected_close,"[1,2)",>=2,3,0,0,3,0
primary,30,projected_close,"[2,4)",<-2,3,0,0,3,0
primary,30,projected_close,"[2,4)","[-2,0)",167,0,0,167,0
primary,30,projected_close,"[2,4)","[0,2)",222,0,0,222,0
primary,30,projected_close,"[2,4)",>=2,1,0,0,1,0
primary,30,projected_close,"[4,8)",<-2,6,0,0,6,0
primary,30,projected_close,"[4,8)","[-2,0)",187,0,0,187,0
primary,30,projected_close,"[4,8)","[0,2)",293,0,1,293,0.0034129692832764505119453924914675767918088737201365187713310580204778156996587031
primary,30,projected_close,"[4,8)",>=2,8,0,0,8,0
primary,30,projected_close,"[8,infinity)",<-2,13,0,0,13,0
primary,30,projected_close,"[8,infinity)","[-2,0)",183,0,0,183,0
primary,30,projected_close,"[8,infinity)","[0,2)",308,0,0,308,0
primary,30,projected_close,"[8,infinity)",>=2,26,0,0,26,0
primary,15,raw_twap,"[0,1)",<-2,22,0,21,22,0.95454545454545454545454545454545454545454545454545454545454545454545454545454545
primary,15,raw_twap,"[0,1)","[-2,0)",104,0,24,104,0.23076923076923076923076923076923076923076923076923076923076923076923076923076923
primary,15,raw_twap,"[0,1)","[0,2)",126,0,2,126,0.015873015873015873015873015873015873015873015873015873015873015873015873015873016
primary,15,raw_twap,"[0,1)",>=2,26,0,0,26,0
primary,15,raw_twap,"[1,2)",<-2,22,0,8,22,0.36363636363636363636363636363636363636363636363636363636363636363636363636363636
primary,15,raw_twap,"[1,2)","[-2,0)",80,0,1,80,0.0125
primary,15,raw_twap,"[1,2)","[0,2)",105,0,0,105,0
primary,15,raw_twap,"[1,2)",>=2,25,0,0,25,0
primary,15,raw_twap,"[2,4)",<-2,42,0,5,42,0.11904761904761904761904761904761904761904761904761904761904761904761904761904762
primary,15,raw_twap,"[2,4)","[-2,0)",153,0,1,153,0.0065359477124183006535947712418300653594771241830065359477124183006535947712418301
primary,15,raw_twap,"[2,4)","[0,2)",165,0,0,165,0
primary,15,raw_twap,"[2,4)",>=2,48,0,0,48,0
primary,15,raw_twap,"[4,8)",<-2,61,0,0,61,0
primary,15,raw_twap,"[4,8)","[-2,0)",160,0,0,160,0
primary,15,raw_twap,"[4,8)","[0,2)",195,0,0,195,0
primary,15,raw_twap,"[4,8)",>=2,78,0,0,78,0
primary,15,raw_twap,"[8,infinity)",<-2,75,0,0,75,0
primary,15,raw_twap,"[8,infinity)","[-2,0)",132,0,0,132,0
primary,15,raw_twap,"[8,infinity)","[0,2)",168,0,0,168,0
primary,15,raw_twap,"[8,infinity)",>=2,138,0,0,138,0
primary,15,projected_close,"[0,1)",<-2,5,0,1,5,0.2
primary,15,projected_close,"[0,1)","[-2,0)",107,0,5,107,0.046728971962616822429906542056074766355140186915887850467289719626168224299065421
primary,15,projected_close,"[0,1)","[0,2)",127,0,6,127,0.047244094488188976377952755905511811023622047244094488188976377952755905511811024
primary,15,projected_close,"[0,1)",>=2,9,0,0,9,0
primary,15,projected_close,"[1,2)",<-2,11,0,0,11,0
primary,15,projected_close,"[1,2)","[-2,0)",118,0,0,118,0
primary,15,projected_close,"[1,2)","[0,2)",116,0,0,116,0
primary,15,projected_close,"[1,2)",>=2,6,0,0,6,0
primary,15,projected_close,"[2,4)",<-2,17,0,0,17,0
primary,15,projected_close,"[2,4)","[-2,0)",161,0,0,161,0
primary,15,projected_close,"[2,4)","[0,2)",204,0,0,204,0
primary,15,projected_close,"[2,4)",>=2,13,0,0,13,0
primary,15,projected_close,"[4,8)",<-2,21,0,0,21,0
primary,15,projected_close,"[4,8)","[-2,0)",191,0,0,191,0
primary,15,projected_close,"[4,8)","[0,2)",252,0,0,252,0
primary,15,projected_close,"[4,8)",>=2,37,0,0,37,0
primary,15,projected_close,"[8,infinity)",<-2,41,0,0,41,0
primary,15,projected_close,"[8,infinity)","[-2,0)",159,0,0,159,0
primary,15,projected_close,"[8,infinity)","[0,2)",248,0,0,248,0
primary,15,projected_close,"[8,infinity)",>=2,82,0,0,82,0
primary,10,raw_twap,"[0,1)",<-2,23,0,21,23,0.91304347826086956521739130434782608695652173913043478260869565217391304347826087
primary,10,raw_twap,"[0,1)","[-2,0)",92,0,15,92,0.16304347826086956521739130434782608695652173913043478260869565217391304347826087
primary,10,raw_twap,"[0,1)","[0,2)",125,0,1,125,0.008
primary,10,raw_twap,"[0,1)",>=2,18,0,0,18,0
primary,10,raw_twap,"[1,2)",<-2,20,0,5,20,0.25
primary,10,raw_twap,"[1,2)","[-2,0)",97,0,1,97,0.010309278350515463917525773195876288659793814432989690721649484536082474226804124
primary,10,raw_twap,"[1,2)","[0,2)",110,0,0,110,0
primary,10,raw_twap,"[1,2)",>=2,23,0,0,23,0
primary,10,raw_twap,"[2,4)",<-2,46,0,0,46,0
primary,10,raw_twap,"[2,4)","[-2,0)",143,0,0,143,0
primary,10,raw_twap,"[2,4)","[0,2)",165,0,0,165,0
primary,10,raw_twap,"[2,4)",>=2,51,0,0,51,0
primary,10,raw_twap,"[4,8)",<-2,52,0,0,52,0
primary,10,raw_twap,"[4,8)","[-2,0)",163,0,0,163,0
primary,10,raw_twap,"[4,8)","[0,2)",199,0,0,199,0
primary,10,raw_twap,"[4,8)",>=2,79,0,0,79,0
primary,10,raw_twap,"[8,infinity)",<-2,76,0,0,76,0
primary,10,raw_twap,"[8,infinity)","[-2,0)",132,0,0,132,0
primary,10,raw_twap,"[8,infinity)","[0,2)",168,0,0,168,0
primary,10,raw_twap,"[8,infinity)",>=2,143,0,0,143,0
primary,10,projected_close,"[0,1)",<-2,5,0,0,5,0
primary,10,projected_close,"[0,1)","[-2,0)",105,0,2,105,0.019047619047619047619047619047619047619047619047619047619047619047619047619047619
primary,10,projected_close,"[0,1)","[0,2)",119,0,2,119,0.016806722689075630252100840336134453781512605042016806722689075630252100840336134
primary,10,projected_close,"[0,1)",>=2,15,0,1,15,0.066666666666666666666666666666666666666666666666666666666666666666666666666666667
primary,10,projected_close,"[1,2)",<-2,20,0,0,20,0
primary,10,projected_close,"[1,2)","[-2,0)",110,0,0,110,0
primary,10,projected_close,"[1,2)","[0,2)",116,0,0,116,0
primary,10,projected_close,"[1,2)",>=2,8,0,0,8,0
primary,10,projected_close,"[2,4)",<-2,26,0,0,26,0
primary,10,projected_close,"[2,4)","[-2,0)",148,0,0,148,0
primary,10,projected_close,"[2,4)","[0,2)",197,0,0,197,0
primary,10,projected_close,"[2,4)",>=2,22,0,0,22,0
primary,10,projected_close,"[4,8)",<-2,33,0,0,33,0
primary,10,projected_close,"[4,8)","[-2,0)",177,0,0,177,0
primary,10,projected_close,"[4,8)","[0,2)",242,0,0,242,0
primary,10,projected_close,"[4,8)",>=2,51,0,0,51,0
primary,10,projected_close,"[8,infinity)",<-2,50,0,0,50,0
primary,10,projected_close,"[8,infinity)","[-2,0)",163,0,0,163,0
primary,10,projected_close,"[8,infinity)","[0,2)",219,0,0,219,0
primary,10,projected_close,"[8,infinity)",>=2,99,0,0,99,0
primary,5,raw_twap,"[0,1)",<-2,17,0,13,17,0.76470588235294117647058823529411764705882352941176470588235294117647058823529412
primary,5,raw_twap,"[0,1)","[-2,0)",99,0,9,99,0.090909090909090909090909090909090909090909090909090909090909090909090909090909091
primary,5,raw_twap,"[0,1)","[0,2)",117,0,1,117,0.0085470085470085470085470085470085470085470085470085470085470085470085470085470085
primary,5,raw_twap,"[0,1)",>=2,26,0,0,26,0
primary,5,raw_twap,"[1,2)",<-2,29,0,0,29,0
primary,5,raw_twap,"[1,2)","[-2,0)",103,0,0,103,0
primary,5,raw_twap,"[1,2)","[0,2)",98,0,0,98,0
primary,5,raw_twap,"[1,2)",>=2,21,0,0,21,0
primary,5,raw_twap,"[2,4)",<-2,45,0,0,45,0
primary,5,raw_twap,"[2,4)","[-2,0)",140,0,0,140,0
primary,5,raw_twap,"[2,4)","[0,2)",171,0,0,171,0
primary,5,raw_twap,"[2,4)",>=2,37,0,0,37,0
primary,5,raw_twap,"[4,8)",<-2,51,0,0,51,0
primary,5,raw_twap,"[4,8)","[-2,0)",168,0,0,168,0
primary,5,raw_twap,"[4,8)","[0,2)",195,0,0,195,0
primary,5,raw_twap,"[4,8)",>=2,80,0,0,80,0
primary,5,raw_twap,"[8,infinity)",<-2,76,0,0,76,0
primary,5,raw_twap,"[8,infinity)","[-2,0)",141,0,0,141,0
primary,5,raw_twap,"[8,infinity)","[0,2)",175,0,0,175,0
primary,5,raw_twap,"[8,infinity)",>=2,136,0,0,136,0
primary,5,projected_close,"[0,1)",<-2,7,0,0,7,0
primary,5,projected_close,"[0,1)","[-2,0)",110,0,1,110,0.0090909090909090909090909090909090909090909090909090909090909090909090909090909091
primary,5,projected_close,"[0,1)","[0,2)",110,0,1,110,0.0090909090909090909090909090909090909090909090909090909090909090909090909090909091
primary,5,projected_close,"[0,1)",>=2,16,0,0,16,0
primary,5,projected_close,"[1,2)",<-2,27,0,0,27,0
primary,5,projected_close,"[1,2)","[-2,0)",107,0,0,107,0
primary,5,projected_close,"[1,2)","[0,2)",116,0,0,116,0
primary,5,projected_close,"[1,2)",>=2,10,0,0,10,0
primary,5,projected_close,"[2,4)",<-2,29,0,0,29,0
primary,5,projected_close,"[2,4)","[-2,0)",150,0,0,150,0
primary,5,projected_close,"[2,4)","[0,2)",182,0,0,182,0
primary,5,projected_close,"[2,4)",>=2,29,0,0,29,0
primary,5,projected_close,"[4,8)",<-2,41,0,0,41,0
primary,5,projected_close,"[4,8)","[-2,0)",175,0,0,175,0
primary,5,projected_close,"[4,8)","[0,2)",219,0,0,219,0
primary,5,projected_close,"[4,8)",>=2,65,0,0,65,0
primary,5,projected_close,"[8,infinity)",<-2,65,0,0,65,0
primary,5,projected_close,"[8,infinity)","[-2,0)",157,0,0,157,0
primary,5,projected_close,"[8,infinity)","[0,2)",202,0,0,202,0
primary,5,projected_close,"[8,infinity)",>=2,108,0,0,108,0
primary,3,raw_twap,"[0,1)",<-2,14,0,8,14,0.57142857142857142857142857142857142857142857142857142857142857142857142857142857
primary,3,raw_twap,"[0,1)","[-2,0)",103,0,8,103,0.077669902912621359223300970873786407766990291262135922330097087378640776699029126
primary,3,raw_twap,"[0,1)","[0,2)",112,0,2,112,0.017857142857142857142857142857142857142857142857142857142857142857142857142857143
primary,3,raw_twap,"[0,1)",>=2,26,0,0,26,0
primary,3,raw_twap,"[1,2)",<-2,36,0,0,36,0
primary,3,raw_twap,"[1,2)","[-2,0)",96,0,0,96,0
primary,3,raw_twap,"[1,2)","[0,2)",102,0,0,102,0
primary,3,raw_twap,"[1,2)",>=2,17,0,0,17,0
primary,3,raw_twap,"[2,4)",<-2,40,0,0,40,0
primary,3,raw_twap,"[2,4)","[-2,0)",137,0,0,137,0
primary,3,raw_twap,"[2,4)","[0,2)",181,0,0,181,0
primary,3,raw_twap,"[2,4)",>=2,36,0,0,36,0
primary,3,raw_twap,"[4,8)",<-2,53,0,0,53,0
primary,3,raw_twap,"[4,8)","[-2,0)",166,0,0,166,0
primary,3,raw_twap,"[4,8)","[0,2)",192,0,0,192,0
primary,3,raw_twap,"[4,8)",>=2,84,0,0,84,0
primary,3,raw_twap,"[8,infinity)",<-2,79,0,0,79,0
primary,3,raw_twap,"[8,infinity)","[-2,0)",139,0,0,139,0
primary,3,raw_twap,"[8,infinity)","[0,2)",182,0,0,182,0
primary,3,raw_twap,"[8,infinity)",>=2,130,0,0,130,0
primary,3,projected_close,"[0,1)",<-2,10,0,0,10,0
primary,3,projected_close,"[0,1)","[-2,0)",112,0,0,112,0
primary,3,projected_close,"[0,1)","[0,2)",107,0,1,107,0.0093457943925233644859813084112149532710280373831775700934579439252336448598130841
primary,3,projected_close,"[0,1)",>=2,17,0,0,17,0
primary,3,projected_close,"[1,2)",<-2,33,0,0,33,0
primary,3,projected_close,"[1,2)","[-2,0)",101,0,0,101,0
primary,3,projected_close,"[1,2)","[0,2)",108,0,0,108,0
primary,3,projected_close,"[1,2)",>=2,15,0,0,15,0
primary,3,projected_close,"[2,4)",<-2,29,0,0,29,0
primary,3,projected_close,"[2,4)","[-2,0)",151,0,0,151,0
primary,3,projected_close,"[2,4)","[0,2)",182,0,0,182,0
primary,3,projected_close,"[2,4)",>=2,27,0,0,27,0
primary,3,projected_close,"[4,8)",<-2,42,0,0,42,0
primary,3,projected_close,"[4,8)","[-2,0)",178,0,0,178,0
primary,3,projected_close,"[4,8)","[0,2)",207,0,0,207,0
primary,3,projected_close,"[4,8)",>=2,74,0,0,74,0
primary,3,projected_close,"[8,infinity)",<-2,73,0,0,73,0
primary,3,projected_close,"[8,infinity)","[-2,0)",153,0,0,153,0
primary,3,projected_close,"[8,infinity)","[0,2)",188,0,0,188,0
primary,3,projected_close,"[8,infinity)",>=2,118,0,0,118,0
fresh_3s,60,raw_twap,"[0,1)",<-2,30,0,26,30,0.86666666666666666666666666666666666666666666666666666666666666666666666666666667
fresh_3s,60,raw_twap,"[0,1)","[-2,0)",123,0,65,123,0.52845528455284552845528455284552845528455284552845528455284552845528455284552846
fresh_3s,60,raw_twap,"[0,1)","[0,2)",119,0,18,119,0.15126050420168067226890756302521008403361344537815126050420168067226890756302521
fresh_3s,60,raw_twap,"[0,1)",>=2,18,0,1,18,0.055555555555555555555555555555555555555555555555555555555555555555555555555555556
fresh_3s,60,raw_twap,"[1,2)",<-2,30,0,24,30,0.8
fresh_3s,60,raw_twap,"[1,2)","[-2,0)",98,0,19,98,0.19387755102040816326530612244897959183673469387755102040816326530612244897959184
fresh_3s,60,raw_twap,"[1,2)","[0,2)",108,0,4,108,0.037037037037037037037037037037037037037037037037037037037037037037037037037037037
fresh_3s,60,raw_twap,"[1,2)",>=2,22,0,0,22,0
fresh_3s,60,raw_twap,"[2,4)",<-2,37,0,24,37,0.64864864864864864864864864864864864864864864864864864864864864864864864864864865
fresh_3s,60,raw_twap,"[2,4)","[-2,0)",142,0,16,142,0.11267605633802816901408450704225352112676056338028169014084507042253521126760563
fresh_3s,60,raw_twap,"[2,4)","[0,2)",176,0,9,176,0.051136363636363636363636363636363636363636363636363636363636363636363636363636364
fresh_3s,60,raw_twap,"[2,4)",>=2,50,0,1,50,0.02
fresh_3s,60,raw_twap,"[4,8)",<-2,52,0,16,52,0.30769230769230769230769230769230769230769230769230769230769230769230769230769231
fresh_3s,60,raw_twap,"[4,8)","[-2,0)",145,0,4,145,0.027586206896551724137931034482758620689655172413793103448275862068965517241379310
fresh_3s,60,raw_twap,"[4,8)","[0,2)",215,0,2,215,0.0093023255813953488372093023255813953488372093023255813953488372093023255813953488
fresh_3s,60,raw_twap,"[4,8)",>=2,87,0,0,87,0
fresh_3s,60,raw_twap,"[8,infinity)",<-2,87,0,3,87,0.034482758620689655172413793103448275862068965517241379310344827586206896551724138
fresh_3s,60,raw_twap,"[8,infinity)","[-2,0)",113,0,1,113,0.0088495575221238938053097345132743362831858407079646017699115044247787610619469027
fresh_3s,60,raw_twap,"[8,infinity)","[0,2)",127,0,0,127,0
fresh_3s,60,raw_twap,"[8,infinity)",>=2,115,0,0,115,0
fresh_3s,60,projected_close,"[0,1)",<-2,0,0,0,0,
fresh_3s,60,projected_close,"[0,1)","[-2,0)",0,0,0,0,
fresh_3s,60,projected_close,"[0,1)","[0,2)",275,0,83,275,0.30181818181818181818181818181818181818181818181818181818181818181818181818181818
fresh_3s,60,projected_close,"[0,1)",>=2,0,0,0,0,
fresh_3s,60,projected_close,"[1,2)",<-2,0,0,0,0,
fresh_3s,60,projected_close,"[1,2)","[-2,0)",0,0,0,0,
fresh_3s,60,projected_close,"[1,2)","[0,2)",218,0,34,218,0.15596330275229357798165137614678899082568807339449541284403669724770642201834862
fresh_3s,60,projected_close,"[1,2)",>=2,0,0,0,0,
fresh_3s,60,projected_close,"[2,4)",<-2,0,0,0,0,
fresh_3s,60,projected_close,"[2,4)","[-2,0)",0,0,0,0,
fresh_3s,60,projected_close,"[2,4)","[0,2)",402,0,27,402,0.067164179104477611940298507462686567164179104477611940298507462686567164179104478
fresh_3s,60,projected_close,"[2,4)",>=2,0,0,0,0,
fresh_3s,60,projected_close,"[4,8)",<-2,0,0,0,0,
fresh_3s,60,projected_close,"[4,8)","[-2,0)",0,0,0,0,
fresh_3s,60,projected_close,"[4,8)","[0,2)",491,0,7,491,0.014256619144602851323828920570264765784114052953156822810590631364562118126272912
fresh_3s,60,projected_close,"[4,8)",>=2,0,0,0,0,
fresh_3s,60,projected_close,"[8,infinity)",<-2,0,0,0,0,
fresh_3s,60,projected_close,"[8,infinity)","[-2,0)",0,0,0,0,
fresh_3s,60,projected_close,"[8,infinity)","[0,2)",508,0,1,508,0.0019685039370078740157480314960629921259842519685039370078740157480314960629921260
fresh_3s,60,projected_close,"[8,infinity)",>=2,0,0,0,0,
fresh_3s,30,raw_twap,"[0,1)",<-2,21,0,20,21,0.95238095238095238095238095238095238095238095238095238095238095238095238095238095
fresh_3s,30,raw_twap,"[0,1)","[-2,0)",115,0,45,115,0.39130434782608695652173913043478260869565217391304347826086956521739130434782609
fresh_3s,30,raw_twap,"[0,1)","[0,2)",128,0,4,128,0.03125
fresh_3s,30,raw_twap,"[0,1)",>=2,14,0,0,14,0
fresh_3s,30,raw_twap,"[1,2)",<-2,26,0,23,26,0.88461538461538461538461538461538461538461538461538461538461538461538461538461538
fresh_3s,30,raw_twap,"[1,2)","[-2,0)",70,0,7,70,0.1
fresh_3s,30,raw_twap,"[1,2)","[0,2)",94,0,0,94,0
fresh_3s,30,raw_twap,"[1,2)",>=2,40,0,1,40,0.025
fresh_3s,30,raw_twap,"[2,4)",<-2,39,0,17,39,0.43589743589743589743589743589743589743589743589743589743589743589743589743589744
fresh_3s,30,raw_twap,"[2,4)","[-2,0)",150,0,1,150,0.0066666666666666666666666666666666666666666666666666666666666666666666666666666667
fresh_3s,30,raw_twap,"[2,4)","[0,2)",180,0,0,180,0
fresh_3s,30,raw_twap,"[2,4)",>=2,47,0,0,47,0
fresh_3s,30,raw_twap,"[4,8)",<-2,58,0,5,58,0.086206896551724137931034482758620689655172413793103448275862068965517241379310345
fresh_3s,30,raw_twap,"[4,8)","[-2,0)",147,0,0,147,0
fresh_3s,30,raw_twap,"[4,8)","[0,2)",192,0,0,192,0
fresh_3s,30,raw_twap,"[4,8)",>=2,77,0,0,77,0
fresh_3s,30,raw_twap,"[8,infinity)",<-2,87,0,0,87,0
fresh_3s,30,raw_twap,"[8,infinity)","[-2,0)",112,0,0,112,0
fresh_3s,30,raw_twap,"[8,infinity)","[0,2)",155,0,0,155,0
fresh_3s,30,raw_twap,"[8,infinity)",>=2,135,0,0,135,0
fresh_3s,30,projected_close,"[0,1)",<-2,0,0,0,0,
fresh_3s,30,projected_close,"[0,1)","[-2,0)",114,0,16,114,0.14035087719298245614035087719298245614035087719298245614035087719298245614035088
fresh_3s,30,projected_close,"[0,1)","[0,2)",128,0,15,128,0.1171875
fresh_3s,30,projected_close,"[0,1)",>=2,1,0,0,1,0
fresh_3s,30,projected_close,"[1,2)",<-2,1,0,0,1,0
fresh_3s,30,projected_close,"[1,2)","[-2,0)",117,0,3,117,0.025641025641025641025641025641025641025641025641025641025641025641025641025641026
fresh_3s,30,projected_close,"[1,2)","[0,2)",134,0,1,134,0.0074626865671641791044776119402985074626865671641791044776119402985074626865671642
fresh_3s,30,projected_close,"[1,2)",>=2,3,0,0,3,0
fresh_3s,30,projected_close,"[2,4)",<-2,2,0,0,2,0
fresh_3s,30,projected_close,"[2,4)","[-2,0)",165,0,0,165,0
fresh_3s,30,projected_close,"[2,4)","[0,2)",218,0,0,218,0
fresh_3s,30,projected_close,"[2,4)",>=2,1,0,0,1,0
fresh_3s,30,projected_close,"[4,8)",<-2,6,0,0,6,0
fresh_3s,30,projected_close,"[4,8)","[-2,0)",183,0,0,183,0
fresh_3s,30,projected_close,"[4,8)","[0,2)",290,0,1,290,0.0034482758620689655172413793103448275862068965517241379310344827586206896551724138
fresh_3s,30,projected_close,"[4,8)",>=2,7,0,0,7,0
fresh_3s,30,projected_close,"[8,infinity)",<-2,13,0,0,13,0
fresh_3s,30,projected_close,"[8,infinity)","[-2,0)",180,0,0,180,0
fresh_3s,30,projected_close,"[8,infinity)","[0,2)",298,0,0,298,0
fresh_3s,30,projected_close,"[8,infinity)",>=2,26,0,0,26,0
fresh_3s,15,raw_twap,"[0,1)",<-2,22,0,21,22,0.95454545454545454545454545454545454545454545454545454545454545454545454545454545
fresh_3s,15,raw_twap,"[0,1)","[-2,0)",103,0,23,103,0.22330097087378640776699029126213592233009708737864077669902912621359223300970874
fresh_3s,15,raw_twap,"[0,1)","[0,2)",125,0,2,125,0.016
fresh_3s,15,raw_twap,"[0,1)",>=2,26,0,0,26,0
fresh_3s,15,raw_twap,"[1,2)",<-2,22,0,8,22,0.36363636363636363636363636363636363636363636363636363636363636363636363636363636
fresh_3s,15,raw_twap,"[1,2)","[-2,0)",79,0,1,79,0.012658227848101265822784810126582278481012658227848101265822784810126582278481013
fresh_3s,15,raw_twap,"[1,2)","[0,2)",105,0,0,105,0
fresh_3s,15,raw_twap,"[1,2)",>=2,25,0,0,25,0
fresh_3s,15,raw_twap,"[2,4)",<-2,41,0,5,41,0.12195121951219512195121951219512195121951219512195121951219512195121951219512195
fresh_3s,15,raw_twap,"[2,4)","[-2,0)",151,0,1,151,0.0066225165562913907284768211920529801324503311258278145695364238410596026490066225
fresh_3s,15,raw_twap,"[2,4)","[0,2)",163,0,0,163,0
fresh_3s,15,raw_twap,"[2,4)",>=2,48,0,0,48,0
fresh_3s,15,raw_twap,"[4,8)",<-2,59,0,0,59,0
fresh_3s,15,raw_twap,"[4,8)","[-2,0)",159,0,0,159,0
fresh_3s,15,raw_twap,"[4,8)","[0,2)",193,0,0,193,0
fresh_3s,15,raw_twap,"[4,8)",>=2,77,0,0,77,0
fresh_3s,15,raw_twap,"[8,infinity)",<-2,73,0,0,73,0
fresh_3s,15,raw_twap,"[8,infinity)","[-2,0)",128,0,0,128,0
fresh_3s,15,raw_twap,"[8,infinity)","[0,2)",165,0,0,165,0
fresh_3s,15,raw_twap,"[8,infinity)",>=2,132,0,0,132,0
fresh_3s,15,projected_close,"[0,1)",<-2,5,0,1,5,0.2
fresh_3s,15,projected_close,"[0,1)","[-2,0)",104,0,4,104,0.038461538461538461538461538461538461538461538461538461538461538461538461538461538
fresh_3s,15,projected_close,"[0,1)","[0,2)",127,0,6,127,0.047244094488188976377952755905511811023622047244094488188976377952755905511811024
fresh_3s,15,projected_close,"[0,1)",>=2,9,0,0,9,0
fresh_3s,15,projected_close,"[1,2)",<-2,10,0,0,10,0
fresh_3s,15,projected_close,"[1,2)","[-2,0)",117,0,0,117,0
fresh_3s,15,projected_close,"[1,2)","[0,2)",116,0,0,116,0
fresh_3s,15,projected_close,"[1,2)",>=2,6,0,0,6,0
fresh_3s,15,projected_close,"[2,4)",<-2,17,0,0,17,0
fresh_3s,15,projected_close,"[2,4)","[-2,0)",159,0,0,159,0
fresh_3s,15,projected_close,"[2,4)","[0,2)",202,0,0,202,0
fresh_3s,15,projected_close,"[2,4)",>=2,13,0,0,13,0
fresh_3s,15,projected_close,"[4,8)",<-2,21,0,0,21,0
fresh_3s,15,projected_close,"[4,8)","[-2,0)",188,0,0,188,0
fresh_3s,15,projected_close,"[4,8)","[0,2)",250,0,0,250,0
fresh_3s,15,projected_close,"[4,8)",>=2,37,0,0,37,0
fresh_3s,15,projected_close,"[8,infinity)",<-2,40,0,0,40,0
fresh_3s,15,projected_close,"[8,infinity)","[-2,0)",154,0,0,154,0
fresh_3s,15,projected_close,"[8,infinity)","[0,2)",242,0,0,242,0
fresh_3s,15,projected_close,"[8,infinity)",>=2,79,0,0,79,0
fresh_3s,10,raw_twap,"[0,1)",<-2,23,0,21,23,0.91304347826086956521739130434782608695652173913043478260869565217391304347826087
fresh_3s,10,raw_twap,"[0,1)","[-2,0)",90,0,15,90,0.16666666666666666666666666666666666666666666666666666666666666666666666666666667
fresh_3s,10,raw_twap,"[0,1)","[0,2)",123,0,1,123,0.0081300813008130081300813008130081300813008130081300813008130081300813008130081301
fresh_3s,10,raw_twap,"[0,1)",>=2,17,0,0,17,0
fresh_3s,10,raw_twap,"[1,2)",<-2,20,0,5,20,0.25
fresh_3s,10,raw_twap,"[1,2)","[-2,0)",96,0,1,96,0.010416666666666666666666666666666666666666666666666666666666666666666666666666667
fresh_3s,10,raw_twap,"[1,2)","[0,2)",110,0,0,110,0
fresh_3s,10,raw_twap,"[1,2)",>=2,23,0,0,23,0
fresh_3s,10,raw_twap,"[2,4)",<-2,45,0,0,45,0
fresh_3s,10,raw_twap,"[2,4)","[-2,0)",141,0,0,141,0
fresh_3s,10,raw_twap,"[2,4)","[0,2)",163,0,0,163,0
fresh_3s,10,raw_twap,"[2,4)",>=2,51,0,0,51,0
fresh_3s,10,raw_twap,"[4,8)",<-2,52,0,0,52,0
fresh_3s,10,raw_twap,"[4,8)","[-2,0)",162,0,0,162,0
fresh_3s,10,raw_twap,"[4,8)","[0,2)",195,0,0,195,0
fresh_3s,10,raw_twap,"[4,8)",>=2,79,0,0,79,0
fresh_3s,10,raw_twap,"[8,infinity)",<-2,76,0,0,76,0
fresh_3s,10,raw_twap,"[8,infinity)","[-2,0)",131,0,0,131,0
fresh_3s,10,raw_twap,"[8,infinity)","[0,2)",168,0,0,168,0
fresh_3s,10,raw_twap,"[8,infinity)",>=2,137,0,0,137,0
fresh_3s,10,projected_close,"[0,1)",<-2,5,0,0,5,0
fresh_3s,10,projected_close,"[0,1)","[-2,0)",101,0,2,101,0.019801980198019801980198019801980198019801980198019801980198019801980198019801980
fresh_3s,10,projected_close,"[0,1)","[0,2)",118,0,2,118,0.016949152542372881355932203389830508474576271186440677966101694915254237288135593
fresh_3s,10,projected_close,"[0,1)",>=2,15,0,1,15,0.066666666666666666666666666666666666666666666666666666666666666666666666666666667
fresh_3s,10,projected_close,"[1,2)",<-2,19,0,0,19,0
fresh_3s,10,projected_close,"[1,2)","[-2,0)",110,0,0,110,0
fresh_3s,10,projected_close,"[1,2)","[0,2)",116,0,0,116,0
fresh_3s,10,projected_close,"[1,2)",>=2,8,0,0,8,0
fresh_3s,10,projected_close,"[2,4)",<-2,26,0,0,26,0
fresh_3s,10,projected_close,"[2,4)","[-2,0)",146,0,0,146,0
fresh_3s,10,projected_close,"[2,4)","[0,2)",195,0,0,195,0
fresh_3s,10,projected_close,"[2,4)",>=2,22,0,0,22,0
fresh_3s,10,projected_close,"[4,8)",<-2,33,0,0,33,0
fresh_3s,10,projected_close,"[4,8)","[-2,0)",176,0,0,176,0
fresh_3s,10,projected_close,"[4,8)","[0,2)",238,0,0,238,0
fresh_3s,10,projected_close,"[4,8)",>=2,50,0,0,50,0
fresh_3s,10,projected_close,"[8,infinity)",<-2,50,0,0,50,0
fresh_3s,10,projected_close,"[8,infinity)","[-2,0)",162,0,0,162,0
fresh_3s,10,projected_close,"[8,infinity)","[0,2)",216,0,0,216,0
fresh_3s,10,projected_close,"[8,infinity)",>=2,96,0,0,96,0
fresh_3s,5,raw_twap,"[0,1)",<-2,16,0,12,16,0.75
fresh_3s,5,raw_twap,"[0,1)","[-2,0)",98,0,9,98,0.091836734693877551020408163265306122448979591836734693877551020408163265306122449
fresh_3s,5,raw_twap,"[0,1)","[0,2)",117,0,1,117,0.0085470085470085470085470085470085470085470085470085470085470085470085470085470085
fresh_3s,5,raw_twap,"[0,1)",>=2,26,0,0,26,0
fresh_3s,5,raw_twap,"[1,2)",<-2,29,0,0,29,0
fresh_3s,5,raw_twap,"[1,2)","[-2,0)",102,0,0,102,0
fresh_3s,5,raw_twap,"[1,2)","[0,2)",98,0,0,98,0
fresh_3s,5,raw_twap,"[1,2)",>=2,21,0,0,21,0
fresh_3s,5,raw_twap,"[2,4)",<-2,45,0,0,45,0
fresh_3s,5,raw_twap,"[2,4)","[-2,0)",139,0,0,139,0
fresh_3s,5,raw_twap,"[2,4)","[0,2)",171,0,0,171,0
fresh_3s,5,raw_twap,"[2,4)",>=2,36,0,0,36,0
fresh_3s,5,raw_twap,"[4,8)",<-2,51,0,0,51,0
fresh_3s,5,raw_twap,"[4,8)","[-2,0)",165,0,0,165,0
fresh_3s,5,raw_twap,"[4,8)","[0,2)",193,0,0,193,0
fresh_3s,5,raw_twap,"[4,8)",>=2,79,0,0,79,0
fresh_3s,5,raw_twap,"[8,infinity)",<-2,75,0,0,75,0
fresh_3s,5,raw_twap,"[8,infinity)","[-2,0)",138,0,0,138,0
fresh_3s,5,raw_twap,"[8,infinity)","[0,2)",174,0,0,174,0
fresh_3s,5,raw_twap,"[8,infinity)",>=2,134,0,0,134,0
fresh_3s,5,projected_close,"[0,1)",<-2,7,0,0,7,0
fresh_3s,5,projected_close,"[0,1)","[-2,0)",109,0,1,109,0.0091743119266055045871559633027522935779816513761467889908256880733944954128440367
fresh_3s,5,projected_close,"[0,1)","[0,2)",109,0,1,109,0.0091743119266055045871559633027522935779816513761467889908256880733944954128440367
fresh_3s,5,projected_close,"[0,1)",>=2,16,0,0,16,0
fresh_3s,5,projected_close,"[1,2)",<-2,27,0,0,27,0
fresh_3s,5,projected_close,"[1,2)","[-2,0)",106,0,0,106,0
fresh_3s,5,projected_close,"[1,2)","[0,2)",116,0,0,116,0
fresh_3s,5,projected_close,"[1,2)",>=2,10,0,0,10,0
fresh_3s,5,projected_close,"[2,4)",<-2,29,0,0,29,0
fresh_3s,5,projected_close,"[2,4)","[-2,0)",149,0,0,149,0
fresh_3s,5,projected_close,"[2,4)","[0,2)",182,0,0,182,0
fresh_3s,5,projected_close,"[2,4)",>=2,29,0,0,29,0
fresh_3s,5,projected_close,"[4,8)",<-2,41,0,0,41,0
fresh_3s,5,projected_close,"[4,8)","[-2,0)",172,0,0,172,0
fresh_3s,5,projected_close,"[4,8)","[0,2)",217,0,0,217,0
fresh_3s,5,projected_close,"[4,8)",>=2,63,0,0,63,0
fresh_3s,5,projected_close,"[8,infinity)",<-2,64,0,0,64,0
fresh_3s,5,projected_close,"[8,infinity)","[-2,0)",155,0,0,155,0
fresh_3s,5,projected_close,"[8,infinity)","[0,2)",199,0,0,199,0
fresh_3s,5,projected_close,"[8,infinity)",>=2,107,0,0,107,0
fresh_3s,3,raw_twap,"[0,1)",<-2,13,0,7,13,0.53846153846153846153846153846153846153846153846153846153846153846153846153846154
fresh_3s,3,raw_twap,"[0,1)","[-2,0)",102,0,8,102,0.078431372549019607843137254901960784313725490196078431372549019607843137254901961
fresh_3s,3,raw_twap,"[0,1)","[0,2)",112,0,2,112,0.017857142857142857142857142857142857142857142857142857142857142857142857142857143
fresh_3s,3,raw_twap,"[0,1)",>=2,26,0,0,26,0
fresh_3s,3,raw_twap,"[1,2)",<-2,36,0,0,36,0
fresh_3s,3,raw_twap,"[1,2)","[-2,0)",94,0,0,94,0
fresh_3s,3,raw_twap,"[1,2)","[0,2)",102,0,0,102,0
fresh_3s,3,raw_twap,"[1,2)",>=2,17,0,0,17,0
fresh_3s,3,raw_twap,"[2,4)",<-2,38,0,0,38,0
fresh_3s,3,raw_twap,"[2,4)","[-2,0)",136,0,0,136,0
fresh_3s,3,raw_twap,"[2,4)","[0,2)",180,0,0,180,0
fresh_3s,3,raw_twap,"[2,4)",>=2,35,0,0,35,0
fresh_3s,3,raw_twap,"[4,8)",<-2,53,0,0,53,0
fresh_3s,3,raw_twap,"[4,8)","[-2,0)",164,0,0,164,0
fresh_3s,3,raw_twap,"[4,8)","[0,2)",191,0,0,191,0
fresh_3s,3,raw_twap,"[4,8)",>=2,84,0,0,84,0
fresh_3s,3,raw_twap,"[8,infinity)",<-2,79,0,0,79,0
fresh_3s,3,raw_twap,"[8,infinity)","[-2,0)",138,0,0,138,0
fresh_3s,3,raw_twap,"[8,infinity)","[0,2)",181,0,0,181,0
fresh_3s,3,raw_twap,"[8,infinity)",>=2,129,0,0,129,0
fresh_3s,3,projected_close,"[0,1)",<-2,10,0,0,10,0
fresh_3s,3,projected_close,"[0,1)","[-2,0)",111,0,0,111,0
fresh_3s,3,projected_close,"[0,1)","[0,2)",106,0,1,106,0.0094339622641509433962264150943396226415094339622641509433962264150943396226415094
fresh_3s,3,projected_close,"[0,1)",>=2,17,0,0,17,0
fresh_3s,3,projected_close,"[1,2)",<-2,32,0,0,32,0
fresh_3s,3,projected_close,"[1,2)","[-2,0)",99,0,0,99,0
fresh_3s,3,projected_close,"[1,2)","[0,2)",108,0,0,108,0
fresh_3s,3,projected_close,"[1,2)",>=2,15,0,0,15,0
fresh_3s,3,projected_close,"[2,4)",<-2,28,0,0,28,0
fresh_3s,3,projected_close,"[2,4)","[-2,0)",150,0,0,150,0
fresh_3s,3,projected_close,"[2,4)","[0,2)",181,0,0,181,0
fresh_3s,3,projected_close,"[2,4)",>=2,27,0,0,27,0
fresh_3s,3,projected_close,"[4,8)",<-2,42,0,0,42,0
fresh_3s,3,projected_close,"[4,8)","[-2,0)",176,0,0,176,0
fresh_3s,3,projected_close,"[4,8)","[0,2)",206,0,0,206,0
fresh_3s,3,projected_close,"[4,8)",>=2,73,0,0,73,0
fresh_3s,3,projected_close,"[8,infinity)",<-2,73,0,0,73,0
fresh_3s,3,projected_close,"[8,infinity)","[-2,0)",152,0,0,152,0
fresh_3s,3,projected_close,"[8,infinity)","[0,2)",186,0,0,186,0
fresh_3s,3,projected_close,"[8,infinity)",>=2,118,0,0,118,0
